class_a,class_b,feature,pairwise_fisher_distance
angry,relax,_HarmonicChangeDetectionFunction_Std,3.612846307847531
happy,relax,_Zero-crossingrate_Mean,3.568087214058179
happy,relax,_HarmonicChangeDetectionFunction_PeriodAmp,2.7398675380942916
happy,relax,_Eventdensity_Mean,2.634594379544228
angry,sad,_HarmonicChangeDetectionFunction_Std,2.570556071842425
happy,relax,_HarmonicChangeDetectionFunction_Std,2.158938622299761
happy,sad,_HarmonicChangeDetectionFunction_PeriodAmp,2.1406659092518554
angry,happy,_Zero-crossingrate_Mean,2.0151804621275247
happy,relax,_Pulseclarity_Mean,1.866692968060701
happy,sad,_Pulseclarity_Mean,1.848906927838184
happy,relax,_Brightness_Mean,1.6851648542656457
angry,relax,_HarmonicChangeDetectionFunction_PeriodAmp,1.6074423215012679
happy,relax,_EntropyofSpectrum_Mean,1.5535854103884263
happy,sad,_Zero-crossingrate_Mean,1.4838614545514135
happy,sad,_EntropyofSpectrum_Mean,1.412179010192778
angry,relax,_Fluctuation_Mean,1.2976759473063701
happy,relax,_MFCC_Mean_1,1.2948619753407768
angry,happy,_HarmonicChangeDetectionFunction_Mean,1.2795261040252324
happy,sad,_HarmonicChangeDetectionFunction_Std,1.2614300538527718
happy,sad,_Eventdensity_Mean,1.2409361655094968
angry,relax,_Eventdensity_Mean,1.1955394547629443
angry,sad,_HarmonicChangeDetectionFunction_PeriodAmp,1.119179599949607
angry,happy,_Fluctuation_Mean,1.1152308468276522
angry,happy,_EntropyofSpectrum_Mean,1.063972014585376
happy,sad,_Brightness_Mean,1.012078623925475
happy,sad,_MFCC_Mean_1,0.8663160104170416
angry,sad,_Fluctuation_Mean,0.7882237408407603
happy,sad,_Spectralskewness_Mean,0.7795966588319295
angry,sad,_HarmonicChangeDetectionFunction_Mean,0.7725465226608554
angry,sad,_AttackTime_Mean,0.7541829113046729
angry,happy,_Brightness_Mean,0.7390698730328011
happy,sad,_Spectralcentroid_Mean,0.7201066059256617
happy,sad,_Spectralkurtosis_Mean,0.6629385021680502
happy,relax,_MFCC_Mean_2,0.6595203657798083
angry,relax,_AttackTime_Mean,0.6367872434305278
angry,happy,_Pulseclarity_Mean,0.5946880290992305
angry,relax,_HarmonicChangeDetectionFunction_Mean,0.585251627712115
happy,relax,_Spectralcentroid_Mean,0.5840015908930551
angry,sad,_Eventdensity_Mean,0.5550546616892602
angry,happy,_Chromagram_Mean_7,0.5545043008818129
happy,sad,_Rolloff_Mean,0.526611400876735
angry,relax,_MFCC_Mean_1,0.5094562136568586
happy,relax,_Spectralskewness_Mean,0.4809735528648057
angry,happy,_Spectralcentroid_Mean,0.47117354195789096
angry,happy,_Spectralskewness_Mean,0.4677209411537056
angry,happy,_HarmonicChangeDetectionFunction_Std,0.44376999795226557
angry,sad,_Chromagram_Mean_7,0.44126215944770814
angry,happy,_Spectralkurtosis_Mean,0.43899301027420345
angry,relax,_Roughness_Slope,0.4141096972253191
angry,relax,_MFCC_Mean_2,0.39973331798696704
angry,happy,_MFCC_Mean_3,0.3969393198051066
happy,sad,_AttackTime_Mean,0.38742100017095604
angry,happy,_MFCC_Mean_7,0.3686345482320135
happy,relax,_Spectralkurtosis_Mean,0.3643641040599207
relax,sad,_Zero-crossingrate_Mean,0.36106592051964365
happy,relax,_Roughness_Mean,0.3560950785575479
relax,sad,_MFCC_Mean_2,0.33702022681455396
happy,sad,_Roughness_Mean,0.32294844477111045
angry,relax,_Roughness_Mean,0.3210285316507369
angry,relax,_Chromagram_Mean_7,0.30448431526582254
happy,relax,_AttackTime_Mean,0.30400516470147815
angry,relax,_Pulseclarity_Mean,0.30186686626277753
angry,happy,_Rolloff_Mean,0.29692848700704366
angry,sad,_Roughness_Mean,0.2946838331870256
angry,sad,_Pulseclarity_Mean,0.28386168792680777
happy,relax,_Chromagram_Mean_11,0.2533673039838986
angry,sad,_MFCC_Mean_1,0.25213946554605643
relax,sad,_MFCC_Mean_4,0.2471789065011089
happy,relax,_Roughness_Slope,0.24052561043428686
happy,relax,_MFCC_Mean_4,0.23907828840600495
angry,sad,_RMSenergy_Mean,0.23903628335938948
angry,happy,_Chromagram_Mean_1,0.23336013681622697
angry,relax,_RMSenergy_Mean,0.2323337256901732
angry,happy,_Chromagram_Mean_2,0.23115846145709684
angry,happy,_MFCC_Mean_6,0.22359974184937667
happy,sad,_Spectralspread_Mean,0.21530333544896652
angry,relax,_MFCC_Mean_7,0.2135510361135808
happy,relax,_Rolloff_Mean,0.20548674207704284
angry,relax,_Brightness_Mean,0.20188517474962187
happy,sad,_Chromagram_Mean_1,0.20167001964572392
happy,relax,_Chromagram_Mean_6,0.19878336374136357
angry,relax,_HarmonicChangeDetectionFunction_PeriodFreq,0.19404773613975274
relax,sad,_Roughness_Slope,0.1938943344038648
happy,relax,_AttackTime_Slope,0.19360179812324382
angry,happy,_AttackTime_Mean,0.19214782681365195
angry,happy,_Chromagram_Mean_12,0.18905262876071385
angry,happy,_Chromagram_Mean_11,0.1887970041769928
happy,relax,_HarmonicChangeDetectionFunction_PeriodFreq,0.17944041803124922
angry,happy,_Chromagram_Mean_6,0.168670902492722
happy,sad,_RMSenergy_Mean,0.16837650314049601
happy,relax,_RMSenergy_Mean,0.15994962926308737
angry,happy,_Chromagram_Mean_8,0.15251915010732064
happy,relax,_MFCC_Mean_3,0.1511084543602678
angry,sad,_MFCC_Mean_3,0.14752219338247716
happy,relax,_HarmonicChangeDetectionFunction_PeriodEntropy,0.14745377062542067
relax,sad,_Eventdensity_Mean,0.14240708673094218
relax,sad,_HarmonicChangeDetectionFunction_Std,0.13639177019743354
happy,sad,_MFCC_Mean_7,0.12887150065339928
angry,happy,_MFCC_Mean_1,0.12290613628114046
happy,relax,_Chromagram_Mean_4,0.12284830782396722
angry,sad,_Chromagram_Mean_8,0.11866809688613093
happy,relax,_Chromagram_Mean_1,0.11818694600263059
relax,sad,_Brightness_Mean,0.11570189669535197
happy,sad,_Chromagram_Mean_2,0.11557124282326996
happy,relax,_HarmonicChangeDetectionFunction_Slope,0.11422781810081882
angry,relax,_EntropyofSpectrum_Mean,0.11245851658098148
happy,relax,_MFCC_Mean_6,0.11222493862166504
relax,sad,_Chromagram_Mean_6,0.10884007274159375
angry,sad,_HarmonicChangeDetectionFunction_PeriodFreq,0.10691957776127631
angry,sad,_Lowenergy_Mean,0.10572328315999888
happy,relax,_Chromagram_Mean_2,0.10454932903677364
angry,happy,_Spectralspread_Mean,0.10218136648903653
angry,relax,_Tempo_Mean,0.09962462734293018
happy,relax,_Chromagram_Mean_9,0.09252723977719778
angry,relax,_MFCC_Mean_4,0.0897826285679665
angry,happy,_Chromagram_Mean_9,0.08973139907203222
angry,sad,_Chromagram_Mean_6,0.08869623650335733
happy,sad,_HarmonicChangeDetectionFunction_PeriodFreq,0.08844025300980903
happy,sad,_Chromagram_Mean_11,0.0875246811424316
happy,relax,_HarmonicChangeDetectionFunction_Mean,0.08447488436898716
angry,relax,_Chromagram_Mean_12,0.08437589975807244
relax,sad,_Fluctuation_Mean,0.08385160876457631
angry,happy,_MFCC_Mean_2,0.08071464306829651
angry,happy,_MFCC_Mean_9,0.07785783549040849
relax,sad,_EntropyofSpectrum_Mean,0.07770300014059014
happy,sad,_AttackTime_Slope,0.07659418860524975
angry,sad,_MFCC_Mean_4,0.07462064155115827
angry,relax,_AttackTime_Slope,0.07457578891496339
relax,sad,_HarmonicChangeDetectionFunction_PeriodAmp,0.07398897870997441
angry,sad,_Zero-crossingrate_Mean,0.07349424907266099
angry,happy,_Chromagram_Mean_4,0.07303913252245495
happy,sad,_HarmonicChangeDetectionFunction_PeriodEntropy,0.07293534015811919
relax,sad,_MFCC_Mean_7,0.07141452689117336
angry,relax,_Zero-crossingrate_Mean,0.07044075088837085
happy,sad,_Chromagram_Mean_3,0.06550206311455058
relax,sad,_Tempo_Mean,0.06304763790834836
happy,sad,_Chromagram_Mean_12,0.06129459415368693
angry,happy,_HarmonicChangeDetectionFunction_PeriodEntropy,0.06048607501836823
happy,sad,_MFCC_Mean_11,0.060464340999341074
angry,sad,_Chromagram_Mean_3,0.060144459663526
angry,happy,_MFCC_Mean_4,0.05855103763047186
happy,relax,_Spectralspread_Mean,0.05742124725086574
angry,happy,_Chromagram_Mean_5,0.056714628668461296
relax,sad,_MFCC_Mean_1,0.056565015046899265
angry,relax,_Lowenergy_Mean,0.056510286940876106
happy,sad,_Chromagram_Mean_10,0.055990404305495005
happy,sad,_MFCC_Mean_9,0.055469649214015156
angry,sad,_MFCC_Mean_13,0.05265880531442143
happy,relax,_Tempo_Mean,0.05051689341845627
relax,sad,_Chromagram_Mean_9,0.0486264149835823
happy,sad,_HarmonicChangeDetectionFunction_Mean,0.047133265018193045
angry,sad,_Spectralskewness_Mean,0.04602088032505485
angry,sad,_Chromagram_Mean_9,0.04430245932298574
relax,sad,_Spectralspread_Mean,0.043760565544727785
relax,sad,_Chromagram_Mean_11,0.043405340531747834
relax,sad,_HarmonicChangeDetectionFunction_Slope,0.04011116223567805
angry,relax,_Chromagram_Mean_8,0.038970660712068
angry,sad,_Spectralkurtosis_Mean,0.03762012738292876
happy,sad,_MFCC_Mean_3,0.03721763237040028
happy,sad,_MFCC_Mean_6,0.03660758457401061
angry,sad,_Chromagram_Mean_10,0.03587105785408618
relax,sad,_Chromagram_Mean_3,0.035581122119609
angry,sad,_MFCC_Mean_6,0.03531888493587581
relax,sad,_MFCC_Mean_13,0.03503241746497901
relax,sad,_MFCC_Mean_5,0.03488485287949556
angry,happy,_Roughness_Slope,0.03448712215659153
relax,sad,_MFCC_Mean_3,0.033899201539874566
angry,relax,_MFCC_Mean_3,0.03300240147792013
relax,sad,_AttackTime_Slope,0.03200684392713491
relax,sad,_Chromagram_Mean_4,0.03172590611311744
happy,relax,_Chromagram_Mean_8,0.03135765134771889
happy,relax,_MFCC_Mean_5,0.030931384274683595
angry,happy,_Lowenergy_Mean,0.029865352700835488
angry,happy,_HarmonicChangeDetectionFunction_Slope,0.028900013165203648
angry,sad,_MFCC_Mean_7,0.028435580103050726
angry,sad,_Spectralspread_Mean,0.02807789789012055
angry,sad,_Roughness_Slope,0.027743238168794326
happy,sad,_Fluctuation_Mean,0.027446385944864378
angry,happy,_AttackTime_Slope,0.02741952476638127
relax,sad,_HarmonicChangeDetectionFunction_PeriodFreq,0.026286861284804484
happy,sad,_Spectralflatness_Mean,0.026221192757967752
happy,relax,_MFCC_Mean_11,0.026219139310168282
angry,sad,_Rolloff_Mean,0.026204685760260322
happy,relax,_Spectralflatness_Mean,0.026188857441445796
happy,sad,_Lowenergy_Mean,0.02587183823384312
angry,sad,_MFCC_Mean_11,0.025839039997793366
relax,sad,_Chromagram_Mean_10,0.025471023018140013
angry,sad,_MFCC_Mean_5,0.025407017712092583
happy,sad,_Chromagram_Mean_5,0.024332305402445197
relax,sad,_Chromagram_Mean_8,0.02417305548259987
angry,happy,_HarmonicChangeDetectionFunction_PeriodAmp,0.023734394730629386
relax,sad,_Rolloff_Mean,0.02356717935179689
angry,sad,_Chromagram_Mean_12,0.02309128808709082
angry,relax,_MFCC_Mean_9,0.02275569562949524
angry,relax,_Spectralskewness_Mean,0.02216842428435258
angry,relax,_HarmonicChangeDetectionFunction_PeriodEntropy,0.021725982729005246
angry,happy,_MFCC_Mean_5,0.021550389676946648
happy,sad,_Chromagram_Mean_4,0.021452038347287303
angry,relax,_Chromagram_Mean_5,0.02072602273797647
relax,sad,_MFCC_Mean_9,0.020469944325044676
angry,happy,_Spectralflatness_Mean,0.01973796550911427
angry,happy,_Eventdensity_Mean,0.018889130916544507
happy,sad,_MFCC_Mean_13,0.018235150652500916
happy,sad,_HarmonicChangeDetectionFunction_Slope,0.017878875118312387
relax,sad,_Chromagram_Mean_12,0.01714648784334714
happy,relax,_Fluctuation_Mean,0.017139502923833306
relax,sad,_MFCC_Mean_6,0.016818664231059446
relax,sad,_HarmonicChangeDetectionFunction_PeriodEntropy,0.016312465342078492
angry,happy,_MFCC_Mean_11,0.01629220672440332
angry,relax,_HarmonicChangeDetectionFunction_Slope,0.016289789003671586
angry,relax,_Chromagram_Mean_1,0.015205630835735822
happy,relax,_Chromagram_Mean_7,0.015205021704472287
angry,sad,_Chromagram_Mean_2,0.014864431379426958
angry,sad,_Brightness_Mean,0.014225917029076445
angry,relax,_Chromagram_Mean_2,0.014142697402100139
angry,sad,_Chromagram_Mean_11,0.012895216456891198
angry,relax,_Chromagram_Mean_11,0.01257234291203209
angry,happy,_Tempo_Mean,0.012062433870397316
angry,sad,_MFCC_Mean_2,0.011904349330456586
happy,sad,_Chromagram_Mean_6,0.011538900360242712
angry,relax,_Spectralcentroid_Mean,0.01113694875445689
angry,sad,_Spectralcentroid_Mean,0.01097149285321643
angry,sad,_Chromagram_Mean_4,0.01071535541813566
happy,relax,_Chromagram_Mean_12,0.010642064563981531
angry,sad,_AttackTime_Slope,0.010463410728193234
happy,sad,_MFCC_Mean_2,0.010211566086763378
angry,happy,_MFCC_Mean_8,0.010093028822514944
relax,sad,_Chromagram_Mean_7,0.009716005872737915
angry,relax,_MFCC_Mean_8,0.009534961404912414
angry,happy,_RMSenergy_Mean,0.009160726195674925
angry,happy,_MFCC_Mean_12,0.00820950298323466
angry,relax,_Spectralkurtosis_Mean,0.008102636283500326
happy,sad,_MFCC_Mean_10,0.007983419097526055
angry,happy,_MFCC_Mean_13,0.00776192290320191
angry,sad,_Chromagram_Mean_5,0.00732364965579197
happy,relax,_MFCC_Mean_9,0.007272641051406327
relax,sad,_MFCC_Mean_11,0.0069329397213183114
relax,sad,_Chromagram_Mean_1,0.0067732625981930085
angry,relax,_Chromagram_Mean_4,0.00659810512180576
relax,sad,_HarmonicChangeDetectionFunction_Mean,0.006590433045013169
relax,sad,_Lowenergy_Mean,0.006458658344011998
angry,relax,_MFCC_Mean_12,0.006413792765337291
happy,relax,_Chromagram_Mean_5,0.00633132352623195
relax,sad,_Spectralkurtosis_Mean,0.006239637892289249
angry,relax,_Chromagram_Mean_3,0.005701412427405966
angry,sad,_EntropyofSpectrum_Mean,0.005643578906890731
happy,relax,_Lowenergy_Mean,0.005513425910044175
happy,relax,_MFCC_Mean_13,0.00494320863737886
angry,sad,_MFCC_Mean_8,0.004825404740471954
angry,relax,_MFCC_Mean_11,0.004327866276863264
relax,sad,_Chromagram_Mean_5,0.004256020807824469
happy,sad,_Chromagram_Mean_9,0.004154191103701207
angry,happy,_HarmonicChangeDetectionFunction_PeriodFreq,0.004146420849904284
happy,sad,_MFCC_Mean_4,0.004070478918636374
angry,sad,_MFCC_Mean_10,0.003938413735409995
happy,relax,_Chromagram_Mean_10,0.0034810919748210077
happy,relax,_MFCC_Mean_7,0.003343914514991943
angry,relax,_MFCC_Mean_5,0.003331836615346218
angry,relax,_Spectralspread_Mean,0.0032364965908314716
happy,sad,_Tempo_Mean,0.002791078368502318
happy,sad,_MFCC_Mean_12,0.002623762878207468
angry,sad,_HarmonicChangeDetectionFunction_Slope,0.0026163737154793567
relax,sad,_MFCC_Mean_12,0.0022837081164387013
angry,sad,_Tempo_Mean,0.0021932164941875394
angry,happy,_Chromagram_Mean_3,0.0020632692570242053
angry,sad,_Chromagram_Mean_1,0.002058661114072273
angry,happy,_MFCC_Mean_10,0.0020014410245093642
happy,relax,_MFCC_Mean_10,0.001957439271824
happy,relax,_Chromagram_Mean_3,0.0017473442371884257
relax,sad,_MFCC_Mean_10,0.0017254950867153398
happy,sad,_MFCC_Mean_5,0.001325903665960193
relax,sad,_Spectralskewness_Mean,0.0012774404824590169
relax,sad,_RMSenergy_Mean,0.0011217806838123233
angry,happy,_Chromagram_Mean_10,0.001061937478145823
angry,sad,_Spectralflatness_Mean,0.0010618058202408695
relax,sad,_Pulseclarity_Mean,0.0009201261653667777
angry,relax,_MFCC_Mean_6,0.0009045879865915725
relax,sad,_AttackTime_Mean,0.0007945291240683673
angry,sad,_MFCC_Mean_12,0.0007781700318879116
angry,sad,_MFCC_Mean_9,0.0007201469011254907
relax,sad,_MFCC_Mean_8,0.0006590958653879055
angry,relax,_Chromagram_Mean_10,0.0006462403525697016
angry,relax,_Chromagram_Mean_6,0.0005984877215911772
angry,relax,_Chromagram_Mean_9,0.0004971360002343728
angry,relax,_Spectralflatness_Mean,0.0004535465164508581
angry,sad,_HarmonicChangeDetectionFunction_PeriodEntropy,0.00045331667049406434
happy,sad,_Chromagram_Mean_7,0.00039026703511002195
happy,sad,_MFCC_Mean_8,0.0003112698813389932
angry,relax,_Rolloff_Mean,0.00021270663809028336
relax,sad,_Spectralflatness_Mean,0.00018105635670840034
angry,relax,_MFCC_Mean_10,0.0001499198219063869
relax,sad,_Spectralcentroid_Mean,0.00014204368022887576
happy,relax,_MFCC_Mean_8,0.00011321363734651438
angry,happy,_Roughness_Mean,3.662385218835334e-05
angry,relax,_MFCC_Mean_13,2.1175368043438048e-05
relax,sad,_Chromagram_Mean_2,8.994493386093996e-06
relax,sad,_Roughness_Mean,8.196936765147453e-06
happy,sad,_Chromagram_Mean_8,8.189830047702513e-06
happy,relax,_MFCC_Mean_12,4.690839591381114e-06
happy,sad,_Roughness_Slope,9.980737726482853e-07
