,PC1,PC2,PC3,PC4,PC5,PC6,PC7,PC8,PC9,PC10,PC11,PC12,PC13,PC14,PC15,PC16,PC17,PC18,PC19,PC20,PC21,PC22,PC23,PC24,PC25,PC26,PC27,PC28,PC29,PC30,PC31,PC32,PC33,PC34,PC35,PC36,PC37,PC38,PC39,PC40,PC41,PC42,PC43,PC44,PC45,PC46,PC47,PC48,PC49,PC50
_RMSenergy_Mean,0.10792195316056791,-0.24859035296438167,-0.05070034462066871,0.00928129594025169,0.0787504600591433,0.2017903844352244,0.4163981168900805,0.07265192452616404,-0.12601513018338087,0.023720991304445285,-0.06517502585429098,-0.12406165013475685,0.059295445435276865,-0.04006848905604968,0.054509872381928226,0.06577455136453143,-0.0800831784137169,0.16815567363194553,0.07598606850355824,0.18056044532371607,0.23920402550668135,-0.05415108937103234,-0.04840271499122818,0.049558185526013356,0.0634827486077407,0.06468347487137474,-0.09607190934322737,0.025139873861418978,-0.012243669948525755,0.05106507575195675,0.017757208004258503,0.0838283384148486,0.049226365372728696,0.016317133098635226,0.009489926181098953,0.029548549962760486,-0.05919748033426608,0.027074099660694847,-0.055397695840168515,-0.13471671716948494,-0.06957615642747089,-0.1319192506079256,-0.51695600155306,0.2955949975418686,0.23361877417774102,0.11514123253890354,-0.08472475108522153,0.009802254396492705,-0.04964190503373118,0.008694668403419198
_Lowenergy_Mean,-0.03442909267051042,0.23708442715565348,-0.006749561749325603,0.012430670162030293,0.07957149782380052,-0.21478805399055695,-0.03773045203508521,-0.08994718844367527,-0.20811869014740453,0.2805575168834923,-0.03835107922119991,0.08973537227527777,-0.10652232750439034,0.14031736350354937,0.04095693785367468,0.24248322464290778,0.05368326563155175,0.35666740006676745,0.11437109090365018,0.021548255535526716,0.1425794904040189,0.04267697569465345,0.035188681256981234,0.35780210929003897,0.16003239513586828,0.07871250009371777,-0.032918121786888105,-0.17454546113372946,-0.09546105117172157,-0.029132143678885815,0.042935062098100885,0.01933266916015928,0.04020086082995554,-0.08946342467716639,0.015866793425207755,0.13193901138605776,0.14366219521230858,-0.348699763585755,-0.09284616995766276,-0.09502218716989327,0.3098115221301713,0.016960887333606053,0.02051033999966617,-0.03159398265896016,-0.02651765560629421,0.02386269579034249,-0.021814651388352507,0.008409390227620052,0.008082122221179464,-0.00690547951954915
_Fluctuation_Mean,0.002475676209370059,0.27270082741373564,0.09427005995905975,0.014417629367131627,0.08471681508726545,0.1042181185009198,0.1457568395177678,-0.1271845379872602,0.055491179764478066,-0.014114934223301245,-0.03595285473151699,0.1264335379898895,0.19888323532200947,0.16150177763697998,0.17439352872004085,-0.18073913849248233,-0.24647555084983147,-0.09180305012656931,0.14030166027970287,0.2711445376596408,-0.15884000143270394,-0.03825531441969351,-0.034226303130198324,-0.06974873808909879,-0.22058242264405656,-0.18968654745836244,0.07081798652472003,0.17309777162387463,-0.1508836230841542,0.17872005710737107,-0.10659051271907714,0.18707643222559678,0.014488936074663034,-0.24166524075188492,0.15336714851571995,0.41117915601967087,0.08750832105240962,-0.04091241922113891,-0.14407225329027723,0.0809548816928859,0.06788397571882086,-0.03480876088687625,0.011830116462708706,-0.037280243422882636,0.020211616712840427,0.009938293557166897,0.0161204855818063,0.001580987653021156,-0.0030098367272351663,-0.005909324626670629
_Tempo_Mean,0.03009693510270306,-0.02645033615079262,-0.0863172738170125,0.07052019122617902,0.05726830672540312,-0.06761012292134252,-0.15387522607544812,0.32072268574023594,0.09884761108657591,-0.025890073160245258,0.14931969765372988,0.13819606065907164,-0.14966029631674757,-0.09475643547891022,0.07720419685071885,0.36530227485492645,-0.2735737624727185,-0.29712402727880693,-0.27042932138985054,0.41422274195491976,0.027160693881191494,-0.25278716955671554,-0.025672962391378996,0.18183763990597743,0.1595372783003718,0.05857328908085892,0.1352156669625045,0.04351037426670942,-0.004848761257329311,-0.07408540613724657,-0.11709170965361992,0.028353208360356104,-0.17658911449224052,0.0737367132767625,0.11229243091687165,0.037001421378914275,0.020272589986293603,0.004993831644504182,-0.026660814640341826,1.756570341295352e-05,0.029615365552507794,-0.012973659591025463,-0.016370191752361818,-0.018986758645675422,-0.0035877449676921525,0.006327604352383845,0.01106351075176594,-0.007299792489237518,-0.003716950872585778,-0.003340487820565085
_MFCC_Mean_1,-0.27588506789848755,0.02629756299239483,0.05205656692633767,0.005392678276501205,0.0874484412107078,0.12100022805359423,0.17367380504100188,0.02613553077977665,-0.10161965651945924,-0.04084199786185656,0.07628839803462803,0.09197704492487005,-0.21518487631007605,0.10594151440178692,0.05319437504842343,0.008757992040629936,0.06545958330128657,-0.009641558264962158,-0.01755217479022836,0.027397679202397385,-0.14467572813883983,-0.0762837260522648,0.024611004674477244,-0.02341607931102921,0.05834309865459683,-0.010174304233384765,-0.06548591663154243,0.06182990725357686,-0.026069136760547364,-0.06954244965742888,-0.010836959442951773,-0.06996426131285577,0.03406759886266107,-0.027171904538219303,-0.004852506591983536,-0.024580046756447947,0.014964283346245236,0.04397447989549189,0.011376572218041024,0.05908164053789783,-0.028576998898250383,0.6412874312673786,0.12733539706576694,0.23839646424183894,0.11782614427965474,0.1810612772856791,-0.18041354727643794,0.37728042735828965,-0.09420602703471115,-0.03574862688831591
_MFCC_Mean_2,0.015249986478180088,0.18311075324487408,-0.23425516037251726,0.06640669436716433,0.2992868176016537,0.1843401743527895,0.05047720118788618,0.06492643571889677,-0.09469094639146812,-0.04920019338270924,0.04706639411438915,0.09285613861644063,0.016088865869441332,0.0645525133516684,-0.11716059795041536,0.08387510928671567,-0.13946874880039115,-0.05514501973553042,0.02562713180562421,-0.1926050312697246,0.17174755803264605,0.03205983027794895,-0.13678428038910959,-0.10994753961253653,-0.34679599066498235,0.014243555965790453,0.08318689032762851,-0.16054818761342426,0.0703274656017557,-0.2901179270466728,0.23408737988851896,-0.017272305800700327,-0.1599343092089999,0.018737796479176227,0.03968042399627804,-0.0901583999400637,0.1558229649551014,0.2053919383631549,-0.025009573472734914,0.21761958441717905,0.30127235123166596,-0.11542621715617914,-0.03149099413991858,0.100171933876487,-0.13278490001392534,0.1383908280866123,0.0016855463194625914,0.047326992672709504,-0.07734570900675881,-0.008442865229587712
_MFCC_Mean_3,-0.09423636094896702,-0.09796877257728812,-0.1073135964766847,-0.03924653782797574,0.07090267802855485,0.10941604687353068,-0.06047740786871729,-0.00015094084657018766,0.07304334434609847,0.12650546508761268,-0.17818091809471212,-0.09449791890439366,0.3698454690341987,-0.19239804944921912,0.018479576105350268,0.4438202211840953,0.017273138391962678,-0.20053864042809327,0.2870380255705507,0.014856808581865152,-0.20960709730026544,0.3291764068863065,0.013554829303285058,0.03509428859418777,-0.035866089335700985,-0.19679939262908197,0.036356223158861195,-0.28356729700939143,0.023020709643347678,0.02846164780218248,-0.09545618353661037,0.09370436833921664,-0.02364273117350431,0.11543752950239738,0.029837757857237707,0.03145415511605862,0.07608081778847997,-0.0349208901285714,0.13944316958660302,-0.04791913858368213,-0.04848115597303282,0.19935272157077122,0.004893172662175836,0.05208941088584457,0.06170365329120303,0.009349548482756986,0.01396628887472083,-0.022371163588229877,0.0478623936751324,0.025166603966816935
_MFCC_Mean_4,-0.011548742369027852,0.05443736489817799,-0.206975339826484,-0.04333789567395734,0.29644399634292473,0.25935342254504296,-0.09039084647628282,-0.14684852652906127,0.06003968162112322,0.11337943673506305,-0.06342023996883532,0.0471620058423729,0.0938629018900169,0.08902698271639113,0.0554317253875592,-0.05299500040446303,-0.16203474337107623,-0.03281743616776031,-0.03379315584809299,-0.09696253779807706,-0.25197063153095933,0.06027572540182567,0.07443259097711026,0.36530868461222316,0.02980104317510974,0.27100338164213933,-0.16253774749806277,0.33152376934043626,0.17455910296355204,0.15748336322354534,-0.11060265517163376,-0.09274290377859985,0.07771961372719692,0.18614737992410563,-0.08989381104937207,-0.12658088093896802,-0.30053196728020126,-0.04194905998457171,0.01692961808422694,0.08672711297946456,0.11643073813100566,-0.08652221714919639,0.03557775126998827,0.0553082287267459,-0.01749606393393785,0.020934364951811363,0.016276292729757627,-0.012586243577120737,-0.0012845367433914068,0.003705835242659508
_MFCC_Mean_5,-0.0026042950007247336,-0.03272941154014373,-0.10019019460452444,-0.025243113217734356,0.28234331135793683,0.11166452772562385,-0.3884789872754542,-0.11636066882858624,0.19055349062380275,0.030455465288507073,-0.09257920088099017,-0.017554367677167282,0.07060866139114286,0.10236416685276276,0.014598841373465649,0.0005719709843548942,0.12961351006332256,0.20325002069642856,-0.06923600139692666,0.2755171385352423,0.22774067808116402,-0.0358932949171313,-0.10318260948484739,-0.2908430426987332,-0.07716898615654558,0.11636949561244878,-0.11437140131620341,-0.09298080190039017,-0.28541018198645207,0.2861382885015762,-0.090014850103254,-0.3038064935747924,-0.04256980600388363,-0.007472255765163312,0.15280879377756848,-0.13624489308742116,0.07082828844055758,0.06873077164480676,-0.005748759604709872,-0.11487474623533389,-0.012331048195779695,0.09623220320484377,-0.009763223425145795,7.967002769909692e-05,0.021419528846323754,0.005559439328171767,-0.010270112563900646,0.024916653670031284,-0.013094027736672759,-0.0008463974972278271
_MFCC_Mean_6,-0.025583981352455907,-0.03572489175928876,-0.19819514391556847,-0.1544728892954678,0.2535627999393865,0.10897143447402959,-0.26957702474805656,-0.08521845082120676,0.056075826871205825,-0.03213311319133835,-0.04013256620436717,-0.10751093118853763,-0.20945083752615387,0.010102918778543862,0.04841466525525138,-0.22552262943072496,0.23289755680505053,0.00026305604718274145,0.18777043337989816,0.2283381753951203,-0.022631971425967956,-0.1190352906804137,0.12730270568195742,0.053550431102512605,0.2618233269442206,-0.10293423005566138,0.20121167382231225,-0.11624065774547326,0.0664465782486246,-0.05661353659225113,0.15270341696892586,0.46984322847974586,0.046618934065801976,-0.07862930020377396,-0.2329869748151818,0.01264873953095677,0.01443506495626981,0.16480447884761973,0.02360258949200719,0.09411629396357722,0.0011616862723297615,-0.028259158031308795,-0.04785025465947307,0.020338749139323556,-0.02001520113174024,-8.694264237144034e-05,0.014936918704194752,-0.004331707319284769,-0.017861301457022583,0.004953813248886538
_MFCC_Mean_7,-0.03831194350501766,-0.07746112100214492,-0.13604308337984886,-0.1941624265275811,0.0745862955166332,-0.15795755611151946,-0.2528269759008904,0.15414365522219872,-0.1324854646382617,-0.03929387181216238,0.057091239575328634,0.04114672522105939,-0.05024675059825115,-0.3329800963142854,0.1601347443047288,-0.24553399211421678,-0.20210400077293297,-0.040278384536601944,0.2369561365536499,-0.15515799921965331,0.3173277797756252,0.0028240750588540767,-0.17772828413576824,0.13088204604069428,-0.10439767311156964,-0.10984676858339498,-0.014391148345110245,0.05823362191648918,0.0057908121505332475,-0.11273136113148186,-0.24638282810494427,-0.08579077914147651,0.39407149999971636,-0.015751890419558517,0.15850124167683705,0.11123369944086178,-0.05583908209479187,-0.0019105113587232492,0.04004737396796387,0.020314779987901377,-0.006413912048140569,0.11809152292525556,-0.00655495228149458,0.04007293841938049,0.02600372738479531,0.004894606827730366,0.013446335520164651,0.02359190143465413,0.0016273208408709716,0.004191543372947658
_MFCC_Mean_8,0.018621485160536175,0.04602058606998354,-0.0818715992430957,-0.20886029052180696,0.08555408378541135,-0.2068685998663459,0.0416764537989846,0.3008749754072401,-0.03890021656510706,-0.2896981847864749,-0.12947713881911763,0.15305686778245955,0.04728795302308028,-0.10321199979818976,0.18627905639040251,0.03074549661444198,0.24599995333652744,0.18192940641997643,0.1764340233819345,0.09178683095996185,-0.31139883450547884,-0.17964308686966549,-0.15950745279624962,-0.18748877872074446,-0.03434932681569247,-0.12362603808615277,-0.29157295247735165,0.016200363915363385,0.09446513404326784,-0.03243435276418839,0.06461589720833844,-0.006232741391143576,-0.17923627426265767,0.11696386803612849,0.050752641804826075,-0.0814745952527936,-0.21432851391339436,-0.2044540662345753,-0.11990500043248997,0.03666215333901773,0.15086427211064055,-0.09593193467250753,-0.006205744812091102,-0.0013813650959246708,-0.008916399341702005,0.02607573915943641,-0.006076965654733979,-0.01980295847447424,0.007349008637254573,-0.0032464903333906045
_MFCC_Mean_9,-0.03268395982031418,0.03203523588249531,-0.07647547612826001,0.010179522823979548,0.15839468954141908,-0.2827615904436241,0.08567619181498741,0.3730339963730698,0.022609278152994183,-0.0029654150345683056,-0.20098651587003652,0.016118913160323906,0.04289127114328098,0.04060006404993592,0.0387398417428568,-0.1719435069192511,-0.149516578350857,0.23785759893272007,-0.2237647095931944,-0.15888776175841438,-0.16075078107433743,0.22829019121392352,-0.2754743440732929,0.10309586210110128,0.02402331438368069,0.12852720309799223,0.3317846316208246,-0.0760045487222306,-0.06267475310928314,0.3244082042195686,0.0362537572961541,0.1284757016569033,-0.08354548765812539,-0.0038126758371946692,-0.11279708038021546,-0.0018896504404735046,0.07306673456199528,0.17209932005006276,0.047273392190313054,-0.04987765153385179,-0.11653393975449004,0.10892774400605118,-0.02507954864277928,0.004410076603801216,0.007961034243256608,0.001008399229069791,-0.007119261170194492,0.009343298596002823,-0.017983301405244234,0.0019713592521987747
_MFCC_Mean_10,0.015607619907700132,0.05509715352111012,-0.016630149055881203,0.15675094555654634,0.16253995584467598,-0.20324318232082333,0.10743718149263086,0.2261862112441673,0.2745854890004609,-0.12046654785173065,-0.3494500832616038,-0.09590366843060724,0.10252404692014495,0.26798243465224825,0.046071783581889195,0.019053176180288955,0.04905237606468635,-0.06860929545049815,-0.002579682553999374,0.07134903195313873,0.12263369680264097,0.05437933590612095,0.29921786765977,0.04363678562002368,0.15039165767835483,-0.24917289388336405,0.028278718433501868,0.12560883849745796,0.05741899389513222,-0.1943397802554233,0.10426037677776173,-0.37389862327053697,0.2869932416491582,-0.06602788421182848,-0.07818084912858345,0.06258438502080677,0.018839622046909504,0.058923401664594185,0.0978587269549601,0.0750277925347008,0.03988645072229642,-0.03824120740012141,-0.0238300208984522,0.022459304219549253,-0.02576243413139461,0.001611126528159605,-0.008672498877549664,-0.0038612849444648947,-0.0052006651835510564,-0.007391426158716359
_MFCC_Mean_11,0.05169115830208099,-0.003578587877008257,-0.02311110207041829,0.461578963477758,0.14039863539190744,-0.07437035756819213,-0.030575563572935935,0.0757667615416874,0.12836486225086505,-0.05163538352809916,-0.07516951731643139,-0.15463055214765972,0.02098869817668564,0.05967427342287124,-0.04641295569465276,-0.14859767600910095,0.10353972949564422,-0.0352497736963342,-0.19977438190496483,-0.0635323726685594,0.0448743705776479,0.0676364833657245,0.06523047623576964,-0.038602210015951266,-0.14837539415381323,0.11117093466765571,-0.19755519614949163,-0.17892275252814394,-0.15556364626845592,-0.25416051589015926,-0.2882604545753222,0.41738403816717307,0.06840992605112685,0.154288680162514,0.09336776958649733,0.06276112560623402,-0.2269077844197704,-0.18190243896214717,-0.1347410661888093,-0.032650156813663636,0.017816320718163338,0.08316487337410441,0.03134530220585022,0.025093259184611333,0.01817973702189765,-0.0018057071610982842,-0.018817552524172478,0.02498116827096908,0.0012122160210046862,0.002966603751002904
_MFCC_Mean_12,7.750868007448684e-05,0.0357779761963677,0.01846606633728827,0.461646377133743,0.06743903399495288,-0.09308490272894629,-0.012777965791540155,-0.026865159750371292,-0.13811689604261612,-0.06996760379726057,-0.07052292252060528,-0.039427954402462995,0.11300000280539346,-0.20885593118952558,0.053481535127657076,-0.0770886526103709,0.13342290985196106,-0.1833715751476601,0.2512421956631369,-0.03211587553829222,-0.09541307674122981,-0.13204390787238057,-0.19578168948118665,0.1398948045010694,0.17569814177833626,0.13600735515905055,-0.2272981523299975,0.23004902896194246,-0.11924470499047576,0.005984879154405209,-0.05591079983487222,-0.003655486090767518,-0.08747652145484629,-0.19696268950114765,-0.07072315373849984,-0.2093113149680022,0.4074970659228025,0.1746148858596135,0.050964144548291956,-0.06893941171850007,0.04417958290633171,-0.03456744966623709,-0.0021250830765757456,-0.026122632717580113,-0.0014826242667709821,0.012149074990663006,0.00795449469150964,-0.027128828289353448,0.0037413051995255353,0.012262543750485536
_MFCC_Mean_13,-0.02653522864257169,-0.01184963301476181,-0.035051940966966344,0.4732124383331342,0.08002604925505724,-0.06504536060804242,-0.0785812983813144,-0.07377686924925836,-0.155787742310123,0.007558382381393378,0.07998730640384749,0.06843017872657722,0.09344539222693046,-0.09769400122426845,0.014350608378773888,0.09885589419328049,0.181672552571433,0.04491190947169293,0.12586352437769865,-0.017741025388864268,0.019334383589775822,-0.2744015330305236,-0.011779233195160915,-0.06638820710641409,-0.09368909922143501,0.09319335766114359,0.33426728577565573,-0.0908323773296742,0.31792302694091534,0.24885603194812148,0.14434599484826166,-0.14351315187162572,0.06989007213857423,-0.06967049328142053,0.06893208760561256,0.20637395867515412,-0.31553030212316924,-0.0903649621555343,0.07513655516866402,0.12941847792486147,-0.14225470315811675,0.03633900572737585,-0.03057395363710813,0.05707655325066441,-0.007653014585934453,-0.023730926584217424,0.027892342395440084,0.017322021570190645,7.143138510912195e-05,-0.012391408665422286
_Roughness_Mean,0.13227579911810114,-0.26802797686832386,-0.02546467201811711,0.026733456406505183,0.03665250995320204,0.18285564469869464,0.35783927194677173,0.10580390049585486,-0.05959057427512232,0.040157167155842756,-0.0882839485373422,-0.12483618863570908,0.06346123203001758,-0.07647395669602605,0.04007897483254255,0.03099996586408786,-0.08095363112719106,0.180001832159841,0.1035822505957665,0.1840848833671083,0.2270241087302417,-0.07866061537666397,-0.056246211633528095,0.003772235130054674,0.0751290013956737,0.06576515512840003,-0.040750548669707704,-0.011050192513597665,-0.009157065679243376,0.08025016697679252,0.013664966194245124,0.074368821682612,0.05005205274777732,0.06153160746504868,-0.005257249959184716,-0.028192134935475816,-0.04352634937870603,0.05854507095781833,0.017610855724848995,0.22219019467862966,0.08590354816685183,0.12296349579643936,0.5371523135114855,-0.3015094046876046,-0.20932580807236478,-0.09469470660449199,0.08255044686437725,-0.009729752654633989,0.044301566731488856,-0.010634584789097047
_Roughness_Slope,-0.025389259636732244,0.1364034823260995,-0.030816266727213402,0.11320635071743801,-0.022562295429800018,0.15385145950094944,0.0009978799767352137,0.2687730943779968,0.27435501145124264,0.2771496860984607,0.3474891760639036,-0.062174630181197066,0.005386336684188149,-0.054217258056764105,-0.10694681327787225,-0.11991380096081569,0.1427249880879436,0.2908468231140395,0.013390558341245785,0.017968875606361845,-0.06318400051064132,0.10990182596551396,-0.016073186382080565,-0.004088855239899658,0.1390012762946556,-0.1457723220900929,-0.1732335388054309,0.07061048739357026,0.39244495405571245,-0.002784253719706614,-0.08038759278936711,0.012474417742883936,-0.042617962528342886,0.01400503611390623,0.31363158713764283,0.16036000543193302,0.13334940726070416,0.20001505414255702,0.08671479313831235,-0.1013282001770444,0.05976993411858224,-0.014900853037278006,-0.015059733459808544,-0.0327681388568653,-0.015064774273392756,-0.0003123295625186706,-0.004951390999968636,-0.003011239342317187,-0.006283031222942048,-0.0020903138535807234
_Zero-crossingrate_Mean,0.2512101486556325,0.033182870472567155,0.18232537052921316,0.00018716907300535333,-0.20140717366223262,-0.14835465836159875,-0.09708572339032218,-0.03568075492364514,0.07263571449472647,0.07007472531783815,-0.028800333916759874,-0.01865632746953938,0.0567615429949227,0.012361944836937616,0.06628034818687939,-0.0325404358486525,-0.018367390326656796,0.06726537741699912,0.032114850241428565,0.045554219369375634,0.014886102183298777,-0.03280325985807539,0.06533525698083911,-0.012089590496269939,-0.030343467407312155,0.08268338464870689,0.015816809127524423,-0.055411587415130664,0.10359636164124494,0.060636788196578695,-0.11529812189251258,0.01050614450102852,-0.0384246049150305,0.12975957035538652,-0.05510950591445549,-0.10483110924498931,0.06795357041023256,0.17874672782711792,-0.05512175805871622,0.4744053920847622,0.34512068397622014,0.24419071379174145,-0.12541458200199768,0.15792744904854383,0.4050843507918357,-0.18026278666470452,0.15027001581921656,-0.12732740845238416,-0.015791685228863248,-0.06684983063883074
_AttackTime_Mean,-0.09711923715044944,0.3223718441233539,0.08229961710459373,0.00246342989833229,-0.09355545237887797,-0.20354384405751744,0.03392232758151097,-0.06651562370067648,-0.10635155045043865,0.045997816891937465,-0.06728423604376566,0.03252203356304211,0.017853736807247556,-0.06360889659563833,-0.032447600731073646,0.07431144320481062,0.01768015341624793,-0.06630800681248065,0.05828925091281838,0.14971270809779633,0.18506934293472865,0.0021401263222578515,0.07897966097588865,0.08886444904611504,-0.13296784802007316,-0.05463005310197768,-0.13687414167560608,0.08921879960640168,-0.1095762516474931,0.09933423772403671,0.2277743941457506,0.16019637912395324,0.003007168009563535,0.22509943772381646,0.05139422272986353,-0.02924655137776891,-0.3720007887485595,0.4906887410628103,0.15821184023521237,-0.29926152005309425,0.10230850532007268,0.07657878806274193,0.0333502970777997,-0.05109806860488743,0.003308311797662264,0.007825480671112883,0.004771896817662408,-0.01592237378317412,0.00995181564217483,0.006432560421129347
_AttackTime_Slope,0.009181579491315026,-0.13623364103742477,0.13409780469786564,-0.010660824520091702,0.0451283609351057,-0.024230235460132386,-0.07463936064915562,-0.3529762501390073,-0.16762907362754303,-0.26110650352021897,-0.33954548752354974,-0.012307802709618343,-0.08863447349968806,0.15296233452860272,0.23431382510893023,0.04543205336086034,-0.08012947931118754,0.04545267958590038,-0.13341054270402988,-0.06052519958830542,0.04120738887701286,0.1099341353952236,-0.13360577228034143,-0.021710950069595898,0.2120579842337695,0.02079027663256318,0.006783172471062887,-0.018186420596559696,0.38371778710828774,-0.1409199325396579,-0.11220385763024421,0.04050862641868694,-0.1783544298130498,0.048296480547540946,0.3735956803551479,0.13713394187014555,0.04776774009744089,0.17677357095111212,0.029446708485952086,-0.09469940227063883,0.008273373417014368,0.01716218175192033,0.007807166385868255,-0.0452308083789823,-0.04851170489922735,0.017837255818288517,0.01693366937633789,-0.003766485554283952,-9.511993400701524e-05,-0.006623283807885112
_Rolloff_Mean,0.29180008323156126,0.16939731292116242,-0.12190970832280149,-0.007719851536150619,0.025607992169459082,0.06895030073463995,0.046168952816231554,-0.03417545453329077,-0.04050207782165577,-0.04823923177919523,0.01142556444909898,-0.009337018376024103,-0.08447883385384294,0.001290436684009938,-0.004634546988663779,0.04553786766324286,0.023619607307682117,-0.03360942963150215,0.0050281116102936785,-0.014705310193008136,-0.03085096980698568,0.014727352114010744,-0.04027052085698274,0.004593110579958676,-0.00020436288075835474,-0.0320940212149782,-0.014177472459640711,0.025301941307747544,0.015686913684462817,-0.011672131366247257,0.0008538493520281716,-0.026800912708686675,0.042101010169474484,-0.016134396091888374,0.00871612574327054,-0.018134850450641258,-0.015132499243274547,-0.04548901237634262,0.009307647903153082,-0.007754484052547278,-0.11738427589439696,0.3166667996523142,-0.14025069721614025,-0.19629311609434857,-0.13701401304532962,-0.12048951272504888,-0.4180650901199536,-0.5061606783942815,-0.4450393817506086,-0.04388583077165551
_Eventdensity_Mean,0.18029186070714964,-0.318643997302384,0.015191455823451841,0.015001817619839394,-0.007083388906073473,0.04809372293540208,-0.005146424493266726,0.025857781937641315,0.039220697133335314,0.001476328973037913,0.06057447113673295,0.08952117178207437,0.07925108358707267,0.03976958649336937,-0.04210122603311179,-0.14084108661304362,-0.05406808173572916,-0.13677214068860488,-0.03019022238637467,-0.08444261646951498,-0.13901229535280502,-0.09925833963732783,-0.004759173750350641,-0.14534772829518725,0.06338149187504447,0.02222614916390135,0.13449254850544348,-0.06797714478562403,0.0014814527669783292,0.026994759061035406,0.02954650865065015,-0.030812937897026535,0.07459793830796668,-0.12708633654479018,-0.08605525450730803,0.08537617261864393,-0.0942714182189926,-0.042860265581391985,0.20555251135164287,-0.44039119720576053,0.6281417140077297,0.13207554711596617,-0.02990236433081095,-0.07597810075562511,0.011400097714346292,0.07225738333540876,-0.04936127168835308,-0.008606153661465776,0.00215736809131839,-0.01054049095915835
_Pulseclarity_Mean,0.1654120432981137,-0.11866699588450974,0.03670694889434603,0.08716470164089077,0.031133355049809523,-0.1317920181115828,0.011948396809641828,0.004199075356429849,-0.1080102265096028,0.18227414855883806,0.00898137764523678,0.19310432779578804,-0.11580696612065466,0.2935226766318335,0.05705308412657245,-0.08367216509600962,-0.24398666692678106,0.08813387418706509,0.18284859710771037,0.15211539660066736,-0.2348850815115081,-0.19906607884943156,0.13400815820603967,0.027945390820756144,-0.2681686187654012,-0.08535019163419075,-0.08892656594561833,-0.29417170556031713,0.17669086244351756,-0.03670799729516355,-0.13451370582166502,0.004301980210351858,0.1735036144721036,0.09198551156022654,-0.006271360430035284,-0.3158948219043936,0.14946295507803645,0.10089548835748689,0.11020054234331207,-0.17211861941605924,-0.2297977428980743,-0.073582531825927,0.046594514600415915,0.013975725820226326,-0.05733325492758729,0.002117401580171374,0.02409278768145054,0.0064996337086986045,-0.0025415653992062887,0.010445834227523428
_Brightness_Mean,0.29884721853113255,0.04072411008828955,0.031048778809986494,-0.028246471135536525,-0.1794247419645856,-0.10337800350148135,-0.10049016537529695,-0.04907761230275438,0.08774458442448185,0.01964486582124332,-0.05256027760057548,-0.07951514300292087,0.14322751257407823,-0.09681448990645233,0.010412632997376159,0.01779888344112454,-0.00840600377585532,0.0002095743036318251,0.035516269119817756,0.03780651303074478,0.014463266716024173,0.036446372764300156,0.004796829135071304,0.03527220591444106,0.03838767476383542,0.012760030742851286,0.012132313455129794,-0.01129648518046722,0.027331258853346946,0.08499633916790117,-0.05068292510038095,0.04688212088964533,-0.008089494385009555,0.03203271562507398,-0.018454746000337682,-0.016865914556750523,-0.01677381749055376,-0.008367469158184038,0.025693268458530594,0.0681239428063091,0.025934944760047624,-0.15043059304364037,-0.029157574377251194,-0.007751292480461053,-0.22306218795371308,0.10366572881286606,-0.11496758998240991,0.6246578768237397,-0.5252095758313667,-0.11331445661350005
_Spectralcentroid_Mean,0.310595449754892,0.14374691426063485,-0.06743279302725964,-0.007457383871314765,-0.047174067592980456,0.0027424943277583563,0.018884884000027365,-0.03321622659581425,-0.016808609497947036,-0.028711657606992083,-0.013611223347532213,-0.013721681760207355,-0.0541807399505857,-0.022176714300015082,-0.019820983048826207,0.009592930472221817,0.019369426589484207,-0.023485246130694415,0.0032281134247294785,0.0075351451180245554,-0.020426106057479687,0.020022000521839528,-0.004218758597657385,-0.013561390556152186,0.025689387008163728,0.002419917927540865,0.010756980479295825,-0.011263557503431637,0.01336178833332496,0.05595443116879642,-0.06083094453844252,-0.02203707482885406,0.02967900951811786,0.03236570344005932,0.008332987131625093,-0.023614926074627313,-0.0007489652766505817,0.03194614481048655,0.004536625648470405,0.1253351892242982,0.018450529135226823,0.13392471834909703,-0.2500492498211677,-0.14610821477119298,-0.20875619840538895,-0.02332352851828825,-0.28587623088719105,0.2500195281718305,0.5344012621579819,0.5131899453848997
_Spectralspread_Mean,0.2525252092178522,0.17065463158779026,-0.17522080769968976,0.005461323502170034,0.08453967570922319,0.11829575035968694,0.13102141914361973,-0.0013331466452377115,-0.1031993944618063,-0.06803766549443904,0.013297591919286256,0.04585605458242052,-0.17394900978323857,-0.025844966953837922,-0.031051831021204016,0.029508545465381314,0.06058845692097251,-0.06662283216179526,-0.011871365739162178,-0.05609292283798048,-0.08584497285078244,0.06487470371685503,0.020882439896771104,-0.030448689469969786,0.08132519126463351,-0.03983639426626581,-0.027253191283939493,-0.03177020772050096,-0.08424504881331377,0.008287487956675443,-0.022439510597412164,-0.08659028302662367,0.05713129624640059,0.008520118637913875,0.03407108639212112,0.028060326637266327,-0.014849363782685171,-0.006429234132187706,-0.02996882101792836,-0.10951748773534502,-0.08407360055820184,0.19747235772652205,-0.2640009109845343,-0.1968434241627802,-0.08104479154347946,-0.19606760288294262,0.6279957144001225,0.16852342757845012,0.054035053619929954,-0.3076241138866268
_Spectralskewness_Mean,-0.3014288884508809,-0.11350094243190777,0.07977373844050008,0.025940003778421587,-0.006153278937886699,-0.008950710158629619,0.08322976036028994,0.026469385813976624,-0.07999016658419768,0.017812581364404834,0.018691950566696355,0.07394718208058577,-0.08070618082806862,-0.0057511574017011236,-0.005001802291582924,-0.015339519509712171,0.0609176734356338,-0.018285818908571033,-0.00549679266784614,0.007920811231376501,-0.08459055611014404,0.029461398267606284,0.10823677416572339,-0.04777482742167058,0.06957141811655768,0.012775887161407207,0.0002808315602906286,-0.07967387386078936,-0.12054859961604528,0.0913413601871543,-0.14429153324350444,-0.049883883597435036,0.08137227991334187,0.07714459719938559,0.07006889697308094,0.018366475792077633,-0.011787746051377156,0.085244238082267,-0.026908707895277564,0.13513197344999167,0.13736642657235484,-0.024180536408689376,-0.18460340146652027,-0.035922884309617154,-0.24508547262945485,0.02715542457400171,0.32518566196305215,-0.11358791248645089,-0.3996157374989339,0.583320565012787
_Spectralkurtosis_Mean,-0.2930022942028814,-0.12812065030119665,0.10387549872439164,0.021558145394143056,-0.03642206528035037,-0.03708524534446554,0.04231757486026712,0.019262986547730895,-0.05971467847753308,0.033279058870629874,5.257439638473027e-06,0.05964932183209436,-0.04875311889219888,-0.015134797406753081,-0.012964807202665546,-0.017918748879446972,0.05245410351931179,-0.03108614167777604,0.016557772348043887,0.013487635108941742,-0.0693468170700477,0.020134685288630272,0.10429051559761009,-0.03143381449601419,0.04105757044422563,0.020804058992905106,0.0014373836802605358,-0.0926396015851462,-0.1064950836312327,0.1431745975777245,-0.18262033677095865,-0.012099487265676306,0.0914416531888836,0.12735865332770321,0.06524718336400481,-0.0032783674055370388,0.015464567026831133,0.12952577512933142,-0.015400964479219015,0.23975247007698158,0.15239337936938613,-0.08428481103323864,-0.28631702949223153,-0.09188534031911183,-0.3947528790562417,0.08947542671494697,-0.2490904813691707,-0.0694719231844832,0.20013907016224622,-0.5271634984852275
_Spectralflatness_Mean,0.18724473595955898,0.16438346900210138,-0.16664382759289215,0.01771150612356336,0.04093292426817377,0.03799639659688167,0.154863741987798,-0.004465150469088407,-0.17288981716824248,-0.11308124751706827,-0.022672789864428583,0.11846991532395507,-0.28651933368592897,-0.0894510791062341,-0.1301937013211384,0.0404568846095906,0.12542869433271406,-0.09628502013913365,0.0061672120808954345,-0.023923321311757284,-0.10622250222757648,0.139221856544662,0.09058408811241797,-0.14614137704637148,0.18915820288708285,0.013296050107248339,0.061861345478969876,-0.14271081167088023,-0.15541908443664995,0.18197901131373254,-0.2447196395761197,-0.08407952950279496,0.15660908341939628,0.10276933578709005,0.12907994705661316,0.1154079215297444,0.026498327388443196,0.10180527609455073,0.1571828236218159,0.04638961319289883,0.05727551958173083,-0.34110463641361355,0.30001861950399716,0.17214181029456374,0.2841663365461507,0.03149095935083585,-0.1470240244053046,-0.020716650989291374,-0.02268248610058442,0.0029057537323624663
_EntropyofSpectrum_Mean,0.3151331438539354,0.05657202978554357,0.03304175326031488,-0.02678638459950288,-0.11612513017226707,-0.038717260849474695,-0.04214657355468849,-0.025590155319721777,0.06346141763232593,0.018444111563874876,-0.004125885998051859,-0.04259895930431539,0.016955491614293716,-0.05711665431795071,0.012934782341264495,-0.02167067039928047,0.027906010895986655,0.0250782821708602,-0.0030516750175920704,0.011851911042131263,-0.0193246533585628,-0.0033490580523702074,0.01434656288585609,0.024125067388520605,0.06748743011464373,0.01335676028010413,0.011114073952758471,0.01874133882963719,-0.05306592942946935,0.025451575055375784,0.007723217241982917,-0.015323818940412265,-0.017507604415516714,-0.018662558337241952,0.015182782294139496,0.04721858562040733,-0.02334217621196897,0.012375034346166158,-0.05787937707981643,-0.004894301353710689,-0.07133285922461685,0.13455894416805364,0.13155104549074367,0.4311266081929824,-0.347014044022345,0.5993152898291532,0.23032212539096036,-0.2766406161119149,0.11326834356361788,-0.02493007348652071
_Chromagram_Mean_1,0.05082780773683569,-0.03938252888803078,0.26255417862339764,0.18142978435537552,0.20527957302209238,0.04132845835554092,-0.09431655596842398,-0.13379221315139397,0.08237467889311602,-0.030562927542810286,-0.02988275043923712,0.18649719236954557,-0.16304051706985162,-0.30346679471934773,-0.007321800229610931,0.0005360965437477827,-0.2659803394373461,0.15315549249373453,-0.16696357720639365,-0.005981411090555333,-0.0213077705991305,0.054536721413611336,-0.036595774478492986,-0.10953831646042309,0.053391782915760966,-0.23075183395083357,-0.2503936279269362,0.02916873740631727,-0.044008599580294495,0.07696499679266006,0.29855083093113555,0.07433019068257993,0.07637686019996025,0.24659410177642413,-0.18222148150184891,0.1450094892027572,0.13314143972003178,-0.18597938494294858,0.32552616635326215,0.12585747842001124,-0.020239170654362704,-0.0019073596659718167,-0.06175872223623264,0.02043154880984982,-0.01147771702699471,0.01426951433041504,0.011913692642668366,-0.005666419416299334,-0.003209575390005036,0.0065688407283999405
_Chromagram_Mean_2,0.06798489301559596,0.0006400577706991671,0.2464373251183095,-0.022044447780669503,0.04032522196597248,0.1379891290135251,-0.18462621784298766,0.18476733827071273,-0.2106579887769332,0.030111984958243812,0.007627713486236245,-0.3143525231031924,-0.035241970011104816,0.2126580949423309,-0.05433467532933399,0.16669216514359628,0.03759213069019329,-0.18904797658664263,-0.17020733117620687,-0.08933120095264929,-0.10840437348398642,-0.06151536923325365,-0.2736599722954235,0.05071278579171323,0.034994127045415185,-0.20355483584702938,-0.1327900976308224,-0.03985926854883867,0.020915289205714782,0.2396243784885443,0.23525229805697173,0.10605951331613367,0.3955749270668154,-0.08346913089383956,0.18896530796344208,-0.12967940617597426,-0.016648239338642665,0.00655297594734211,-0.1942271956203523,0.06193166046488731,0.07356439213695734,-0.06267234366504294,0.03249230071272244,0.03878703309883317,0.01859927843572773,-0.013043328751243588,0.009899494717151597,0.009328354916895529,-0.0008209555694039129,0.004561719867870233
_Chromagram_Mean_3,0.027416807512461342,-0.07106682197481495,0.055077093856804836,0.006222753507433229,0.09948679390524148,-0.061679047478714485,0.16119435696220452,-0.1748335629738179,0.42376320401221046,-0.04843404179234858,0.13833150338000708,-0.1162147468536443,-0.2952009274696837,0.10042337795457268,0.2090992501407163,0.27487655894324536,0.09528060686838014,0.04607304371483796,0.0957502397407789,-0.300707817106873,0.04523708002612903,-0.18689052426703734,-0.24740107733272648,0.18655015872687133,-0.1393610435648575,-0.2391840323951148,-0.00047829199244106557,-0.03508736982818533,-0.116381694647305,0.1114541859006579,-0.22726798211535656,0.004879426166105136,-0.09882597249410006,-0.10085877173237057,-0.12784730351721896,0.018211499143384324,-0.12949494794308367,0.13235278908307171,0.10948499400877208,0.017195209387164685,0.03411553790579311,-0.07475311943665322,-0.0016499369994175152,-0.009467604339231293,-0.003914585348948271,0.00892618245776021,0.019197660354687368,0.0015571109107796674,-0.0028561209223147144,0.004415331693103819
_Chromagram_Mean_4,0.058810435176315824,-0.019400563836962446,0.2796660677420404,-0.057316667844503844,0.233794461854123,-0.031916172847710214,0.01667597129672786,0.11698925230989823,-0.013215753739491095,0.06291977369356623,-0.11741725544395795,-0.1907514737541841,-0.2222052836708451,0.039677120879262624,-0.24892716782445629,-0.09370387961363678,0.07585234382944611,-0.16945078133004582,0.2947561256090291,-0.05375853710744914,0.12249193413461791,-0.055290228541710895,0.08852026245553099,-0.0017799950429723543,-0.13374801813774345,-0.031640890118990184,0.23854939326249502,0.25710701201914277,0.079525142055839,0.15375502131262464,-0.06951828849466182,-0.017847664700834792,-0.24149160698624378,0.41172483595005466,0.08121222125564942,0.01478667440227699,0.16524679007447884,-0.21532800047898662,-0.09633133520169117,-0.1428153753872827,0.031341681792784515,0.043707480969732836,0.00616661115115734,0.0025876489020783405,-0.015435185150439124,0.007418468943877432,0.0002725710976423379,0.016803154948836205,-0.017385888592555923,0.007391832047671614
_Chromagram_Mean_5,0.016615373066419248,-0.0007749284022598388,0.13458603221478171,0.11548698443346879,-0.16851055439850351,0.2483187930651041,-0.06439683960681904,0.25234076474647427,0.12787152556158496,0.0582561948051746,-0.20754355277546097,0.2539608147226011,-0.27791060708490395,0.03335832657577183,0.1894340564401572,-0.13794546583556552,-0.011791176828731292,-0.18577408370938428,0.19913529791579349,-0.032881646842021245,0.18030837365010852,0.27079934228579544,0.08098564683507799,0.09292535922604386,-0.008558939584389136,0.06103196591348742,-0.08711683111673278,-0.13600648768764953,0.008187410118277505,0.15177960232438084,0.13698122906196278,0.03272014497978565,-0.21744276022458703,-0.30019525443658224,0.16698946429840314,-0.1921781157826225,-0.19225383010260147,-0.14759992274795955,0.11807055376665915,0.06494854845617666,-0.009178946482112198,-0.018254533501081444,-0.026794869274998377,0.0069827829469572954,0.01067281016452151,0.007454633584642434,-0.009155072207253562,-0.00259113041868295,0.0001358551256445198,-0.00041152585867393343
_Chromagram_Mean_6,0.04052633842627997,-0.0025650925729999814,0.26419123147353796,-0.11848625637860603,0.20055651889763526,-0.1575959669645868,0.08989358012390934,-0.027086395586923374,0.20345684618303037,0.17950233010862748,-0.009885912357335361,0.10749609003804664,-0.14294793739948686,-0.06540004875843117,-0.0972959216507902,0.07041930602157857,0.03590945854706873,-0.21265475492014024,0.1470480373075543,0.13938581242016387,-0.045913393785553556,0.17845342929267632,-0.2573553117425438,-0.16163777840301005,0.017951368377494836,0.42841627413436695,-0.14682793856507323,-0.12529038361152317,0.18283107682539315,-0.12997582397762003,0.05264675496297225,-0.08202845661542801,0.18291791083727138,-0.09707234806075443,-0.2031196628965492,0.22503967432525962,-0.06876220826113079,0.13239656285823692,-0.23329846319528097,-0.019833617980324174,-0.07444633998944991,-0.030637933808611927,0.007927859846412554,-0.051476790967135505,-0.01236191628403456,0.0031651579961239906,-0.011121018831648122,0.005300319053531471,-0.007005785562004313,0.0013034034852233076
_Chromagram_Mean_7,0.03292831571126406,0.13756986243417713,0.24000152625840593,-0.1692639005261798,-0.04946701672177691,0.2296391678770151,-0.07478314302169431,0.20203709648043938,0.04774741436698554,-0.028640658328645197,-0.14643089554938343,0.12458073029343343,0.11382255076382977,0.09931153427751702,0.04817561025581274,0.20141050706333435,0.17576357278126414,0.1370549456475996,0.036714931905411224,-0.1385372154347404,-0.022332611076406716,-0.2449957091895043,-0.011571284902839752,-0.05361110759499593,-0.07386810697452229,0.36449521003903634,0.12227418440288915,0.1547632404677442,-0.11812566547959319,-0.19840152392577312,-0.07753850270316043,0.19910519211883074,0.21478423164302762,0.02352881331871476,0.093125855854919,0.07362134234242176,0.10310506835715319,0.001037150844203763,0.43395076123934634,0.019490279865207016,-0.09272811539950684,-0.029591700992129086,-0.055535709364910306,-0.022978666195144524,-0.02446523420224393,-0.009570684229792112,0.04908378484294802,-0.010128089638561627,0.0070878240939003245,0.001382949959794988
_Chromagram_Mean_8,0.04707242598440694,0.0717170048284235,0.16095581709610296,-0.11549822509540159,0.27097244596515263,-0.031129956201896826,0.13930606817519786,-0.0462078500144039,0.1724405963357595,-0.10412755338465234,0.08774149683581613,0.30577155039152404,0.2281308060687907,-0.22372299323430778,0.0890658601615032,0.06587779301094063,0.018101241364164126,-0.03455228577344409,-0.10765695264769913,-0.28788569206154085,0.16413167647336444,-0.1488455372855128,0.3642785591995652,-0.015632149400957862,0.1445329957662229,0.00026122497268143974,0.026120570726494208,-0.10452816529072542,0.09767429783364956,0.1840662561195369,0.014099134029183336,0.16510726819773142,0.1044166963108062,-0.07281163604940269,0.1413337604753242,-0.22957834370101354,0.11042910687252805,0.04403506925983264,-0.3122350340964628,-0.10664983957308943,-0.03873414292099639,0.03592277565488918,0.04534248141527625,-0.03021642179007579,0.02674541784405593,0.00669979978597951,-0.03604129407824865,0.009042527732246411,0.0013670856759992328,0.01114183203564556
_Chromagram_Mean_9,0.09050610882996113,0.012886125108623216,0.15854448608605223,-0.15881129419449883,0.25018946528204183,-0.04175708876980258,-0.05783997741645292,0.1755037053227802,-0.3736824259929503,0.06028973780417965,0.1128158450767235,-0.08522702256558463,0.14863751457692967,0.08785065460088017,0.043276274354550996,-0.020431603905334356,0.11701114111868532,-0.13278480685685995,-0.19060472579607615,-0.040068395298542184,0.15882697433872492,-0.0010209051844331518,0.19388864908165712,0.00772775513543375,-0.06925806030039011,-0.06244715383153726,-0.27456484516268487,-0.09247516433773417,0.12367277948383953,0.1108040239722399,-0.24912166392692783,-0.031402204851097265,-0.2858931594331138,-0.21676711130778809,-0.29593469158023306,0.20843609322993728,-0.03304287794392033,0.05036922005403838,0.23642417618857164,0.07030724223060508,-0.0688381223557227,-0.0015000085709187191,0.0066113118687252245,-0.0317787602711517,-0.021139171225968825,0.03558106019972374,0.016153211935566403,-0.0061689409429935005,-0.004572577009550355,-2.070437842782713e-05
_Chromagram_Mean_10,0.03673183490392542,-0.04619916429555461,-0.16144035054351863,0.028835104328022935,-0.05702746585785943,-0.03516811056539345,0.07247054029095891,0.004131191792129934,-0.037742177699747845,0.2435296041819673,0.1460647224651846,-0.010075256517233684,-0.03090260545081098,0.06488882973422899,0.6907731620430246,-0.034232014355456274,0.2614438901712445,-0.2081600983967335,-0.1419898583413111,-0.02404034087891488,0.06995134576716844,0.12952722196095093,0.015401299980373873,-0.13591408975995906,-0.11571559389285911,0.07671645975548362,0.03566027501875818,0.0948827254511457,0.012036633942840907,0.04486800453670442,0.1751162933780255,0.011156330873098252,0.08634006388972283,0.3015317585113426,-0.049126287742809416,0.05904426356070805,0.21201930967130306,-0.04990171645590777,-0.014972955048220698,-0.05301330593036227,0.015120469305855547,-0.04710661439190545,0.033227185041311266,-0.0019194499727481495,-0.0158203451614497,0.005326462913847366,-0.014057561336826452,0.005877273852577802,0.002560131942460117,0.00807050366898282
_Chromagram_Mean_11,0.08960180509603016,-0.03532700711317871,0.19772596909935997,-0.0021001634795034846,0.28353337938859474,-0.14978650803296795,0.060491008906906146,-0.0839821568386218,-0.12283491602546194,0.205925854547854,0.12188245276010785,-0.1491833821582195,-0.07588846791039547,-0.2131704792450782,0.11288940487493623,0.08448749784713129,0.025965762913140095,0.13499794300645385,-0.07762800926063129,0.15238135526275703,-0.15584659939760112,0.2640319123610362,0.08332650803972133,-0.1560606639337499,-0.07644326919621076,-0.06245003182875572,0.25927789688773595,0.26775310506277705,-0.08529232454189845,-0.22441476782503383,-0.05368561575759616,0.020412824535341906,-0.0005118495959429009,-0.28098677301014874,0.17785619543206338,-0.345456451530493,-0.18717335513097078,-0.028603473231601784,0.1175952394639101,0.056661020145795465,0.050766824861585944,-0.05735460183816182,-0.014190744059934982,-0.0016525744657810149,-0.0040871408703291034,-0.00316975378788939,0.0040602474471418196,0.000575331606955512,0.01092081574336378,-0.017455938197430576
_Chromagram_Mean_12,0.0431212544148996,0.026808672196444852,0.16763734064140756,0.17884932830289565,-0.1054237662956088,0.357863102293516,-0.21016979299788935,0.15073388695257822,-0.13617359824009997,0.03026262680203883,-0.19633385669085426,0.13207584187639718,-0.09196416466123657,-0.163774239480946,0.13740957207819593,0.12484228148931509,0.03736138432683031,0.24168197228015903,-0.03250248647847803,-0.03198980280282114,-0.041350731878093884,0.05723480734821166,0.055911618745198996,-0.018469743684400908,-0.09748823633943934,-0.17939370512676464,0.14800767347479965,0.08671900957482381,0.0003307799995065988,-0.10691228361878344,-0.19188787509427419,-0.10562742730812733,0.021078985382681437,0.03149458789782651,-0.36166612364393746,0.06921127596440074,-0.048068604322827474,0.21493700893896683,-0.39708075846037977,-0.17449919181502632,0.037456342577877555,-0.05486218330522477,0.049703028171427466,-0.04248426642295585,-0.001347953317364578,1.6960916935426784e-05,-0.051331144771326206,0.011608033749230442,-0.004815981459181648,0.0078012475712551654
_HarmonicChangeDetectionFunction_Mean,0.05740310574493169,0.12615728648719254,0.3164947646415782,0.0004827926879579432,0.12037070400595086,0.15206439135220243,0.03935944080170916,0.0057236073473573845,-0.018170350794268066,-0.09053141515848581,0.24271922616124683,-0.01968805780965752,0.221591157326258,0.04178810566677525,0.16335967820617903,-0.23450637942897581,0.0030368000301908005,-0.021712942995380513,0.08629620457415788,0.05151034633988214,-0.03838060016873559,0.00787277655989506,-0.15314602645228545,0.1945100397570798,0.24350048371668997,-0.02620013778714897,0.13760124343047067,-0.28803154823762367,-0.20460251818920577,-0.19136606610874154,0.043216150939754366,-0.21771365404167997,-0.10913041633842102,0.21210015773515056,0.022896772326068793,-0.016379509603658138,-0.13250928761972602,0.016082468826537816,0.02729052446373391,-0.05546393838489121,-0.034214914523650664,-0.04725933451517969,0.044396369408369066,0.2520416367781669,-0.14755369049604777,-0.32344361207326505,-0.056184855537965234,0.002573888653762787,0.015572849215116646,0.004548619308728297
_HarmonicChangeDetectionFunction_Std,-0.1379815587386939,0.33416782847591686,0.12620912738501827,0.02792016210515807,-0.02468757066762259,0.11409000853831418,0.08648769532149637,-0.03249762384000677,0.02339182330319586,-0.12180814826237688,0.06169366365857549,-0.1531346421216755,0.060277406794583516,-0.03252805572256164,0.09991126183436598,-0.11545817301807804,-0.04231317788239142,-0.03296540794111538,-0.023861537821365505,0.1386637635190549,0.08671279910418409,0.001603528804917903,-0.16057378445030632,-0.01656795735636038,0.08640914662047611,-0.009384601467314527,0.13471994479525184,-0.19991429411772288,0.1635977305928667,-0.003100670303426617,-0.14818986072597357,-0.07443713360283799,0.09254837407674604,0.11745425346645974,-0.1475448970226738,-0.2381496217180462,-0.029571054395980734,-0.16180357551976016,0.09801031788020126,-0.005917172788384606,0.028129859451388406,-0.03088260857306488,-0.0653106777828194,-0.39288037663049374,0.2265334185192325,0.4784417191400353,0.06500269336818584,-0.033024047897341854,-0.006683315250374949,-0.009334291179879509
_HarmonicChangeDetectionFunction_Slope,-0.027694049164058678,0.09884346556711886,-0.0909692949367458,0.00149348658069834,-0.002594423044821061,-0.025552932495208756,0.03133663010900148,-0.022118845316075175,-0.036565692099064614,0.5601418361773282,-0.2293387073453159,0.14109474332009514,0.08644161140118384,0.08736046817607596,-0.030986406765543605,-0.04915687085115927,-0.1080152649687759,-0.12112438674344393,-0.005356010739389551,-0.21062286308575776,0.08559174208884238,-0.2571055934106551,-0.20512303110249078,-0.3271598046537275,0.37315680952493896,-0.20833790987748962,0.014507583308278029,0.0544919344622595,-0.06641206626352311,-0.10396166743020607,-0.10691348880036561,0.04435922212126407,-0.11433431547188816,0.05369033626686001,-0.019162537552056408,-0.07111405328661785,-0.17439754290275009,-0.019196139180367056,-0.014039044812891449,0.07484537110665407,-0.07904758865961094,-0.012783546341358112,-0.019604894701059708,0.011984673198527269,0.015494525774568148,0.004150685834354739,-0.006514177173407937,0.0006184673539642027,-0.0074851472711745665,-0.0013886981059758052
_HarmonicChangeDetectionFunction_PeriodFreq,0.05932300826710486,-0.13741484187150566,0.01566058384948883,0.01508627318610019,-0.0069436444162372535,-0.016399278728500923,0.05644805203652456,-0.08350102298580869,-0.024539395847352753,-0.0608448809606624,0.06653697208805817,0.5018492177714802,0.14763740123006036,0.17445842617128626,-0.22905651405571203,-0.006743181370638951,0.3587328549571218,-0.06531199158198496,-0.11974534819264068,0.1980414517165427,0.2055447055333294,0.22184900029687152,-0.31334525239134153,0.1664760791141382,-0.04781633769374691,-0.2280788854408139,0.09000976866309943,0.1794311377228452,0.10369832263316098,0.007144431191235118,-0.13593996553555782,0.12211757910615478,0.10464062811414547,0.060129765225177725,-0.08500333931391327,-0.14610931056583126,0.018152252612717384,-0.07251082003435805,0.04218673573400206,0.040039800538194635,0.0029931568993348673,0.01515071823634748,0.00420356059946013,0.05767604078580474,-0.032873521874002665,-0.012195042953870444,0.04101730822010617,-0.0015059348497039327,0.0037152883873279776,-0.004554190721232518
_HarmonicChangeDetectionFunction_PeriodAmp,0.18300765613222036,-0.2840862071206187,0.05225410067133774,-0.0015974846656044855,0.0968963513167934,-0.016640582472021284,-0.08477481967992612,0.008522310879723232,-0.04281957003177477,0.10797293376115039,0.058660739522718455,0.15180664062453567,0.07686039144282494,0.05854282271302106,-0.042689976246488015,-0.0820058760593994,0.13179510062372263,0.014321583270263918,0.041568515930327635,-0.10031438482142346,-0.14681169099822133,-0.011428316896512053,0.0567154516681789,0.25361765319039403,0.00317503575553758,-0.04485088650088423,0.0008837616461538078,-0.02195068754028298,-0.28764478295994683,-0.14809068860298175,0.20405161129292373,-0.11459376082777167,-0.10897042061858468,0.10283528768318995,0.21468453692129602,0.17978051239841125,-0.061485954653718755,0.1688775116492513,-0.09155141668141077,0.15923814995471253,-0.1458278966786205,-0.012893973923469842,-0.040774252294358625,-0.3807165429462287,0.28036415775184376,0.3346577663556576,-0.030971640392218242,0.02371076008929598,-0.023644573386101965,0.011564956423031403
_HarmonicChangeDetectionFunction_PeriodEntropy,0.033947472791471235,-0.0511600681704259,-0.0022143805541394324,0.12802145129359577,0.011639885472581539,-0.08262767312170628,-0.16865821055211952,0.1005585334595735,-0.06771606169838669,-0.2322250852424401,0.378468419142528,0.04990757396950981,0.060563998219346195,0.3634011174308255,0.05623778055444579,0.21063988794238808,-0.2423932248771395,0.09674678233530873,0.3514001120516036,-0.11745500636735712,0.0994949037436927,0.25653732305985516,0.05615458370999918,-0.2843103502840812,0.26253286562650263,0.06049210033572075,-0.016837998829096812,0.19289793859720664,-0.06988919780343267,0.05394155441559881,-0.013628024454511667,0.14242581020697992,0.00040091816139757597,0.07960395016443805,-0.11609800383860285,-0.024074159254808714,-0.09283315979887195,0.0277222086390665,-0.047633991342496226,0.013149424627173965,-0.05619828009774028,0.007297918968934015,-0.007348299109621455,-0.05810488215950828,0.015239476526585471,0.06473425857217814,0.009009231038397014,-0.0009715145808940062,0.0035136838074075315,-0.00028717674087010495
