SOM_X,SOM_Y,winning_neuron,true_class,som_cluster,SOM_X_jitter,SOM_Y_jitter
2,4,2_4,relax,2,2.0243773663803544,4.022101934346284
4,3,4_3,relax,2,3.9168012715007605,2.886978729288611
5,9,5_9,relax,3,5.0600360956645165,8.815191725069388
2,2,2_2,relax,3,2.075245177311297,2.0043482868312306
6,6,6_6,relax,1,5.843917184907693,5.962257917308933
1,5,1_5,relax,3,0.8958256394510146,5.036750861737329
4,3,4_3,relax,2,4.010227232253383,3.0561562900977015
6,9,6_9,relax,3,5.974700592612513,9.011059314564694
4,4,4_4,relax,2,3.998655907399657,4.060810646830069
0,5,0_5,relax,3,-0.06824351420588641,5.0183369099292054
4,4,4_4,relax,2,4.070351837989026,4.042405176448117
5,8,5_8,relax,3,5.062223354834316,7.9436261389704095
5,6,5_6,relax,2,5.005282455804897,5.985631086893483
0,4,0_4,relax,3,0.09017929655744263,4.015742087732557
2,1,2_1,relax,3,2.037400747380164,1.0656422780333936
8,9,8_9,relax,3,7.9312566029693405,8.968500706222034
2,2,2_2,relax,3,2.0295000627266,2.041693380458569
6,8,6_8,relax,3,5.92328939193368,7.97873289664677
1,5,1_5,relax,3,1.070276024104582,4.990596626613749
0,6,0_6,relax,0,-0.003994072878900232,6.066361523361926
6,8,6_8,relax,3,5.985211010916379,7.8405551703156675
8,2,8_2,relax,0,7.945525636447685,1.8962822137540192
4,5,4_5,relax,2,4.097803307093923,4.881425168204574
8,9,8_9,relax,3,7.987637641434496,8.813310710412136
7,4,7_4,relax,1,6.965733774226951,3.945738844787586
3,5,3_5,relax,2,2.9718293159609415,5.059954711978219
6,4,6_4,relax,1,6.042584734844268,3.977209274689394
5,6,5_6,relax,2,5.029235525149126,6.015823206555348
9,2,9_2,relax,0,9.033018608927678,2.0871373997368634
2,3,2_3,relax,2,2.0344656802406305,3.1062148905814153
4,0,4_0,relax,3,4.171331808069637,-0.005531034778091164
3,2,3_2,relax,2,2.967486798689231,2.108286871165552
3,3,3_3,relax,2,2.959020581674277,3.007370132674729
2,3,2_3,relax,2,1.9348981817401698,2.933008142093803
4,4,4_4,relax,2,4.04927835380604,3.952447971824101
1,2,1_2,relax,3,1.0903177834176714,1.8815570789947986
6,9,6_9,relax,3,5.99088420338761,8.928949291701308
1,1,1_1,relax,3,0.9327874818429978,0.9713586649540457
5,8,5_8,relax,3,4.934041502744701,8.064286801550288
0,0,0_0,relax,3,0.05204742302597609,0.1376615864932787
4,3,4_3,relax,2,4.059460333696276,2.889425478769837
0,6,0_6,relax,0,0.0434523414644156,6.031426197460793
8,9,8_9,relax,3,7.946759223416905,8.916756484867397
0,5,0_5,relax,3,0.018572905845337582,5.037975767077056
4,9,4_9,relax,0,4.009334864731258,8.989513067944982
3,2,3_2,relax,2,3.017495087738321,1.8535275339321975
5,7,5_7,relax,1,5.069714302235855,7.074263759325479
1,1,1_1,relax,3,1.0178876439019746,0.9515999429753015
6,5,6_5,relax,1,6.054313085045751,4.957287980930116
2,0,2_0,relax,3,2.0054063255591115,-0.08558019290317519
3,0,3_0,relax,3,3.023129551895199,-0.052342662135004436
9,1,9_1,relax,0,9.050503058067083,1.0342312352555934
5,6,5_6,relax,2,4.883427534411546,5.984860452725088
0,4,0_4,relax,3,-0.02557369730858411,4.026292960182598
2,0,2_0,relax,3,1.9623701876565764,0.028953748314307495
7,7,7_7,relax,1,6.948889772140532,7.105652932442253
4,9,4_9,relax,0,3.9779886199018653,8.97257710793085
7,6,7_6,relax,1,7.119595304898752,5.881851374652341
3,4,3_4,relax,2,2.9307335107445405,4.085377793325758
6,7,6_7,relax,1,6.077462268367318,6.97348094623222
3,4,3_4,relax,2,2.865370418270736,4.08916739556619
6,7,6_7,relax,1,5.973209197601138,7.030670169054598
7,9,7_9,relax,3,7.0130202452084,8.989508997583732
2,1,2_1,relax,3,2.046897786508742,1.0279020715237035
3,0,3_0,relax,3,3.0568981263834285,0.15608100481010398
9,9,9_9,relax,3,9.063467778815994,9.166158442324301
5,8,5_8,relax,3,4.972101994220125,8.005550490810622
9,0,9_0,relax,3,8.963011856586835,0.012815247465366025
9,0,9_0,relax,3,9.068638070500572,0.08609921259731085
9,0,9_0,relax,3,8.984695654009471,-0.06765288262138777
3,0,3_0,relax,3,2.8979450941329663,0.02664562980946041
3,7,3_7,relax,0,2.9093370228797215,6.997930972163691
4,3,4_3,relax,2,3.9264438171198712,3.0251126569166042
2,3,2_3,relax,2,2.039772859524301,2.9333304955240473
2,5,2_5,relax,2,2.0113940588856454,4.872834600535282
0,4,0_4,relax,3,0.05523882832542146,3.8341613251206965
6,9,6_9,relax,3,5.965819788293078,8.910609270960832
2,2,2_2,relax,3,2.012683175286137,1.9633059772048533
5,9,5_9,relax,3,5.050047231517387,8.9765446730681
1,3,1_3,relax,3,0.9752522768223809,3.154978492994361
2,2,2_2,relax,3,2.036542019004593,2.088479469592584
2,2,2_2,relax,3,1.9470459247146679,1.92303271069267
3,5,3_5,relax,2,2.9709556922747944,5.0278166761960765
3,7,3_7,relax,0,2.9694609684801336,6.967433741091974
0,4,0_4,relax,3,-0.09566717164712317,3.9772508929567922
0,5,0_5,relax,3,0.03895779846284655,5.01482605195323
0,0,0_0,relax,3,-0.03755218721621791,0.049533689358031464
0,4,0_4,relax,3,0.0009995294982149943,3.972859321289279
3,1,3_1,relax,1,3.0384597327124725,1.0851081226187487
2,1,2_1,relax,3,2.0357224940823957,0.9086449419086077
9,0,9_0,relax,3,9.053230808717823,0.0005071249889814753
2,5,2_5,relax,2,1.9921211612392462,5.207813898127666
6,8,6_8,relax,3,5.966136135036468,8.017846379410022
6,7,6_7,relax,1,5.993622543127488,7.114657160528494
1,0,1_0,relax,3,0.8650132452833577,0.007321614253856654
5,7,5_7,relax,1,4.884231002206153,7.046462167626384
7,9,7_9,relax,3,6.894184031011648,8.995457344448585
1,7,1_7,happy,0,0.9202202537918814,6.986367393506864
8,4,8_4,happy,0,8.031981938137875,3.9376414082619666
1,8,1_8,happy,0,0.9275616755711952,8.034424108716605
9,5,9_5,happy,0,8.969746995676848,4.9318770248651385
2,7,2_7,happy,0,2.103938263822885,7.053246818905074
1,8,1_8,happy,0,0.971498882315086,8.086822960355672
9,4,9_4,happy,0,9.059001245477367,4.029322512578978
0,7,0_7,happy,0,-0.07468941440079016,6.9771001013155445
8,8,8_8,happy,0,7.98356499537059,8.036317246344696
0,8,0_8,happy,0,-0.0760017643928465,7.975306155556287
9,1,9_1,happy,0,8.972877353927956,1.074843770037212
1,8,1_8,happy,0,1.0672246509965917,7.85348751326279
9,4,9_4,happy,0,8.861814366144612,3.9731514105505084
8,6,8_6,happy,1,8.03475389148367,5.84073504039008
1,7,1_7,happy,0,1.0190188481865823,6.880395133581824
8,0,8_0,happy,0,7.952468003544256,0.10910897838511276
9,8,9_8,happy,0,8.884315371648924,8.071614798557734
1,9,1_9,happy,0,1.0057703606171096,8.942441581337217
0,8,0_8,happy,0,-0.042359416725104196,7.8797997235167285
9,4,9_4,happy,0,9.018614096908376,3.762837692972668
3,8,3_8,happy,0,3.0017481716418755,7.956520359365389
9,5,9_5,happy,0,9.128142311305673,5.193633200979792
9,5,9_5,happy,0,8.980851549802159,5.034790741717091
2,9,2_9,happy,0,1.918120200590251,8.955234217116042
1,7,1_7,happy,0,1.0143420507965053,7.037206416760024
5,7,5_7,happy,1,5.0175997347177415,6.875123331760444
3,9,3_9,happy,0,3.108735006019235,8.97621413098419
9,6,9_6,happy,0,9.066808899673166,6.007958197841259
9,1,9_1,happy,0,9.02854968473196,0.9931119478543161
7,1,7_1,happy,0,7.117064231297565,1.0632644897352064
8,5,8_5,happy,0,7.904898955654172,5.027571618098884
9,6,9_6,happy,0,8.94881987738002,6.05346608144864
9,6,9_6,happy,0,8.925873924687558,5.944930217421539
9,6,9_6,happy,0,8.968815215747538,6.071825232672844
9,4,9_4,happy,0,8.889865108195496,4.1303149558099195
8,7,8_7,happy,0,8.050812075745153,6.922388038427887
0,8,0_8,happy,0,-0.01777781576790187,7.928984347542835
0,8,0_8,happy,0,-0.11766450356021263,8.106862746905618
9,8,9_8,happy,0,8.918753673503396,7.984692481064395
0,7,0_7,happy,0,0.025081107796015623,7.112305711365325
1,9,1_9,happy,0,1.0670501254315505,8.964597143048625
4,9,4_9,happy,0,4.159738471335343,9.116403646101658
8,1,8_1,happy,0,8.233108997280587,1.0105188653444361
8,1,8_1,happy,0,8.03315275466208,1.0206583058658156
1,7,1_7,happy,0,0.9208369503974508,7.125177441733593
0,9,0_9,happy,0,-0.17056370245850475,8.971058361804467
8,1,8_1,happy,0,8.021416916987507,0.9247102323260034
1,9,1_9,happy,0,0.9349647123751739,8.964114863357732
9,4,9_4,happy,0,8.966771419185624,4.036186716051451
8,6,8_6,happy,1,7.951032256075216,5.874739274225559
8,5,8_5,happy,0,7.988736729086689,5.050997672212089
1,7,1_7,happy,0,1.0852784184630115,6.95689829459058
9,7,9_7,happy,0,9.012563885395627,7.091825012858685
3,8,3_8,happy,0,2.9873092130369048,7.808459175607962
0,8,0_8,happy,0,-0.08285230022606493,7.937074737991667
9,2,9_2,happy,0,8.86602536442365,1.8650825479012718
0,8,0_8,happy,0,-0.03890463272586647,7.933901642690884
0,7,0_7,happy,0,-0.00430260406546564,7.019813272088715
9,4,9_4,happy,0,9.14143439308639,3.9856618699640194
8,1,8_1,happy,0,8.010421961717832,0.9797297944841588
2,7,2_7,happy,0,2.0786191608818445,6.987265210289595
0,7,0_7,happy,0,-0.03994364788313216,7.016271059249595
8,1,8_1,happy,0,7.905204498686638,0.9193171166445514
9,6,9_6,happy,0,8.92279065902141,6.056547971271924
9,2,9_2,happy,0,8.94198191483714,2.0530132776308387
1,7,1_7,happy,0,1.1702775785948132,7.030803035012488
7,5,7_5,happy,1,6.934289065662049,5.044522675420101
1,7,1_7,happy,0,1.0670791362989076,7.023713440064693
2,7,2_7,happy,0,1.927765825753038,7.162805864218486
9,5,9_5,happy,0,9.07452584102994,4.993032466315799
9,5,9_5,happy,0,9.03079607728847,4.9754333425332335
3,8,3_8,happy,0,2.9874689681873527,7.939717793571409
1,8,1_8,happy,0,0.9967389979091653,7.917418986353773
2,9,2_9,happy,0,1.9476169843656488,8.900442256991914
3,9,3_9,happy,0,3.0356857761185663,8.928896214941526
8,5,8_5,happy,0,7.963601321572738,4.994345569467835
2,7,2_7,happy,0,1.9019515388986201,7.0267436102798175
8,2,8_2,happy,0,7.89776499405443,2.004091364684173
9,7,9_7,happy,0,9.01380703341777,6.938757177805623
9,7,9_7,happy,0,9.126327300512834,7.072014765121597
4,8,4_8,happy,0,4.012799329085875,8.059153013784076
2,8,2_8,happy,0,1.9905089339112094,7.987228135406238
1,8,1_8,happy,0,1.0228660911682035,7.947766708426823
9,8,9_8,happy,0,9.104480139336546,8.043874233666385
9,7,9_7,happy,0,9.017550600109109,7.015037886998888
3,7,3_7,happy,0,2.967125821533301,6.8841498192467965
8,6,8_6,happy,1,8.088503096804791,5.994561579521248
8,6,8_6,happy,1,8.034300515076929,6.02096286496595
8,8,8_8,happy,0,8.12286047935968,7.928024417080979
8,5,8_5,happy,0,8.014658754977752,5.015187471426995
3,1,3_1,happy,1,2.90204247746236,0.8836142011793768
1,8,1_8,happy,0,0.8905472640603468,8.106894888000973
3,7,3_7,happy,0,3.1320742345785,7.099835998804754
4,8,4_8,happy,0,4.137893257662664,7.979798613255763
1,8,1_8,happy,0,0.985638462937392,8.029076347027125
3,8,3_8,happy,0,2.969345014309121,7.80720624273601
7,5,7_5,sad,1,7.116915543379376,4.907492187178773
8,9,8_9,sad,3,7.911436345436521,8.97649768638783
4,5,4_5,sad,2,3.928421838483534,4.914229358285851
2,3,2_3,sad,2,2.0514661435751234,3.0571517186104527
3,3,3_3,sad,2,2.968431590171233,3.1597837224598395
6,5,6_5,sad,1,5.999590250662394,4.905870822445656
0,3,0_3,sad,3,-0.013075431881961006,2.9330029276731846
2,0,2_0,sad,3,2.027005963903915,0.018835869464794427
6,6,6_6,sad,1,6.112598548905098,6.12888929187997
1,0,1_0,sad,3,1.0072467925521396,-0.09778994500319226
4,6,4_6,sad,2,4.051515103462148,6.019922889784556
2,6,2_6,sad,1,1.8359862319175182,6.145703908065049
4,6,4_6,sad,2,3.9961025278455904,5.867859268145659
6,4,6_4,sad,1,5.93254157837657,3.8975144634523335
5,9,5_9,sad,3,4.90249495516611,8.966111471483133
1,0,1_0,sad,3,0.9297478106456999,-0.04164707302843288
4,6,4_6,sad,2,3.973270124743935,6.065008103020292
0,2,0_2,sad,3,0.07327220338848105,2.019332777585667
0,4,0_4,sad,3,-0.10611141741916512,3.85800303522863
0,2,0_2,sad,3,0.0024505194075533955,2.041232832232065
3,6,3_6,sad,2,2.9612664453333135,5.953796889011548
2,6,2_6,sad,1,1.9737861524510432,6.1019557773552995
6,9,6_9,sad,3,6.080220626024368,8.949792997085046
7,6,7_6,sad,1,7.043049234960314,5.949070777351821
7,7,7_7,sad,1,7.1069918485954195,7.043290528864363
0,3,0_3,sad,3,-0.012360454339992038,3.0610341185869547
7,5,7_5,sad,1,6.944324591066343,5.035847949114896
3,9,3_9,sad,0,2.98209129464956,8.865152214609216
1,4,1_4,sad,3,1.0193997433016977,4.04304275519426
0,2,0_2,sad,3,0.014125868676296883,1.9172553558660481
0,1,0_1,sad,3,-0.08675104577866932,1.0188220889270612
4,5,4_5,sad,2,4.00723918253023,4.886101245168075
2,5,2_5,sad,2,2.0182582664111126,5.035705771803445
3,3,3_3,sad,2,3.2013979230027134,2.9354720876554103
3,2,3_2,sad,2,3.1501475689025336,1.8973892279791582
2,8,2_8,sad,0,1.9317405319552945,8.057105610918592
1,4,1_4,sad,3,0.9770093310760659,4.01933156173414
1,2,1_2,sad,3,0.8829246398530397,1.9508818558885683
1,3,1_3,sad,3,0.9527434388829211,3.116094307921685
9,8,9_8,sad,0,9.025248400287227,7.964747806274421
7,6,7_6,sad,1,7.0964682896710585,6.002568613917675
6,6,6_6,sad,1,5.941673292980512,6.021513075814288
4,8,4_8,sad,0,3.947668284794576,7.950426725269711
8,6,8_6,sad,1,7.828216877620908,6.0376909034719946
4,1,4_1,sad,1,3.9869867263564074,0.9573238122268221
1,6,1_6,sad,0,0.9150068470512349,5.967068934222703
2,6,2_6,sad,1,1.957644845810714,6.109011411184268
2,6,2_6,sad,1,1.929851137746593,5.916753115799005
5,5,5_5,sad,1,4.992458995659796,4.806977573525641
5,5,5_5,sad,1,4.85938172869147,5.128874959600951
5,7,5_7,sad,1,4.882636380368721,7.2039462362085604
0,6,0_6,sad,0,0.17033976896226385,5.967578458764053
2,7,2_7,sad,0,1.8970061934980775,6.8450529567503855
1,4,1_4,sad,3,0.9122571537236288,3.9751612819043247
4,6,4_6,sad,2,4.146953082265705,5.977102164012747
9,8,9_8,sad,0,9.232405373539233,7.98480609271822
7,6,7_6,sad,1,6.906274669693973,5.910928956646252
2,1,2_1,sad,3,1.9705400834569575,1.0463648913981183
6,8,6_8,sad,3,6.027324444075241,8.041960590022887
0,6,0_6,sad,0,0.13829581155244738,5.8804475504144555
5,2,5_2,sad,1,4.921051433725741,2.055935738535591
1,2,1_2,sad,3,0.9803777723246312,2.1642147985556712
5,4,5_4,sad,1,5.062187006084939,4.013756826594965
3,1,3_1,sad,1,3.0347812859573295,0.9730139870345195
0,0,0_0,sad,3,-0.03009248569840794,-0.011360257152601706
0,9,0_9,sad,0,-0.010705837161283292,9.049220541357485
0,1,0_1,sad,3,-0.10999166466959855,0.8615462715594225
1,3,1_3,sad,3,0.9809461004820268,3.013151256238184
1,2,1_2,sad,3,0.9786890007992836,1.9687628840429752
7,8,7_8,sad,1,7.0185735911701,8.147826001036483
7,8,7_8,sad,1,6.955573822494479,7.9860661812956035
4,7,4_7,sad,1,4.037723081803611,7.133431008889562
7,4,7_4,sad,1,7.0810172654255865,3.9117007441774394
0,3,0_3,sad,3,0.012434346213477283,3.0469807333442236
2,3,2_3,sad,2,2.028140512671936,3.0255520211032985
3,5,3_5,sad,2,3.0042524278062293,4.930476220170817
0,1,0_1,sad,3,6.7514473131344346e-06,1.0141916891709553
3,7,3_7,sad,0,2.9422753573165723,7.097001506946528
7,8,7_8,sad,1,7.0253195409338645,7.974096663657072
0,5,0_5,sad,3,-0.007782927873079158,4.864642988066419
7,7,7_7,sad,1,7.167453464714447,6.998594973881804
6,6,6_6,sad,1,6.1258683921980195,5.927806152416599
7,6,7_6,sad,1,7.03086772420452,5.972612724906889
6,5,6_5,sad,1,5.938955423224418,4.99347297842519
0,4,0_4,sad,3,-0.08899291775867343,3.8635478227187585
6,7,6_7,sad,1,6.095291436247109,6.870747332854346
5,5,5_5,sad,1,5.021019938011771,5.038565346842042
1,5,1_5,sad,3,1.038411472271329,4.958182504306426
4,5,4_5,sad,2,3.860433121042065,4.7948204526543545
2,4,2_4,sad,2,2.0741950785246543,4.062787522928651
5,5,5_5,sad,1,5.036353627057149,5.021789580421939
8,4,8_4,sad,0,7.911165545246842,3.942890014077081
5,7,5_7,sad,1,4.962278015404004,6.894653583115341
2,1,2_1,sad,3,2.0210973763485214,1.066864631705147
9,0,9_0,sad,3,9.0041973438685,0.02794804980483437
0,2,0_2,sad,3,-0.0233736948642844,2.1906081826147257
9,0,9_0,sad,3,8.991720938554723,0.03361508789799499
0,1,0_1,sad,3,-0.02015819025655083,1.031016251300961
5,1,5_1,angry,1,5.012205000968198,0.9866457655913148
5,4,5_4,angry,1,5.117719357839452,4.065342069376063
5,1,5_1,angry,1,4.794667324725496,1.0500068160998524
2,9,2_9,angry,0,1.9810519788392253,9.100138000685215
7,3,7_3,angry,1,7.0141209937097955,2.958294166509017
6,1,6_1,angry,1,6.023679519174968,0.965167402164483
7,3,7_3,angry,1,6.970246833494297,2.9616717463270414
7,3,7_3,angry,1,6.859462257401713,3.0632641376943193
7,0,7_0,angry,1,7.026239638697128,0.11986995522373857
6,1,6_1,angry,1,6.1381880171331344,0.9632927605480559
7,3,7_3,angry,1,6.877291087606709,2.9660181017765526
5,3,5_3,angry,1,5.069106241095855,3.025126177909584
5,4,5_4,angry,1,4.973717982150169,3.9803390799989677
7,4,7_4,angry,1,6.995094052333692,4.076164292251192
7,8,7_8,angry,1,6.915768119143684,7.819857816750476
8,3,8_3,angry,0,7.97324350621153,2.9338635962466486
5,1,5_1,angry,1,5.1040035675759166,0.9374066932830843
7,3,7_3,angry,1,7.0466124193590165,2.8143715190091085
5,0,5_0,angry,1,5.138584928432795,-0.07709107554950433
5,3,5_3,angry,1,5.094192951118216,2.926787510732326
5,2,5_2,angry,1,5.035126934314366,1.9839116276384936
8,3,8_3,angry,0,8.139514762093423,3.089037271332821
7,2,7_2,angry,0,7.035119452699064,1.980395147904744
7,1,7_1,angry,0,7.0662390541437645,0.9175349023783077
9,3,9_3,angry,1,8.976274323717224,2.995443636702918
7,0,7_0,angry,1,7.005323665268737,0.08393388971530795
5,3,5_3,angry,1,4.944206094135978,2.921923294710808
7,1,7_1,angry,0,7.079166714767588,0.9271540092862841
6,2,6_2,angry,1,5.905735710150811,2.044683916741938
3,6,3_6,angry,2,3.0625880273934127,5.982277110741536
1,0,1_0,angry,3,0.9847479153995873,0.051798775256757947
9,3,9_3,angry,1,9.093699767477386,2.9989082566563763
6,4,6_4,angry,1,6.060069519098501,4.056133091847165
6,4,6_4,angry,1,6.145651692611744,3.917193750876749
4,7,4_7,angry,1,4.058461975291092,6.9990332279369385
7,2,7_2,angry,0,6.874236779547741,1.9831447988509474
4,2,4_2,angry,2,3.994643746168144,1.9027287260716697
6,1,6_1,angry,1,5.906239424592415,0.8749217641705049
8,8,8_8,angry,0,7.958537612610698,8.054859922821972
5,2,5_2,angry,1,5.120898274662138,1.9719238094225617
8,3,8_3,angry,0,8.051002704871816,2.9182175774682135
7,0,7_0,angry,1,6.9440855657137,-0.00769431495386658
6,0,6_0,angry,1,5.918902610684768,0.0902415085879442
7,4,7_4,angry,1,7.002622567430101,3.8175409723702463
8,4,8_4,angry,0,7.90267518804951,3.8802689048077337
9,9,9_9,angry,3,8.946308777808273,8.926169084648379
5,0,5_0,angry,1,5.0249607577241,0.11689430933762632
8,3,8_3,angry,0,8.092424962888536,3.022606958633544
5,4,5_4,angry,1,5.048700917777955,4.061385379236898
5,0,5_0,angry,1,4.816696839312152,-0.09121287353009844
5,1,5_1,angry,1,5.024349338322421,0.9104371299783579
0,7,0_7,angry,0,0.005762685858606234,7.035825097337817
9,9,9_9,angry,3,9.033111222829815,9.004661946474835
8,3,8_3,angry,0,8.129296774532097,3.04389910550913
6,2,6_2,angry,1,5.83494093785562,1.984986320725724
6,2,6_2,angry,1,5.952711725984711,2.02225149811637
7,0,7_0,angry,1,7.047272505823468,0.012649526792408734
5,4,5_4,angry,1,4.873472448043684,4.062221391126794
7,2,7_2,angry,0,7.11807592384428,2.0645606625555577
9,3,9_3,angry,1,9.029468529016052,2.8704102404486584
6,0,6_0,angry,1,6.067726718867473,-0.17978148442726846
6,0,6_0,angry,1,5.9543245070782564,0.08013963181212057
8,0,8_0,angry,0,8.065101095197297,0.09501800746095493
6,3,6_3,angry,1,6.085477724479123,2.918350158438933
6,3,6_3,angry,1,6.018630241610974,2.8512131674763497
6,3,6_3,angry,1,6.0187520714158955,3.007922785680576
4,7,4_7,angry,1,4.021627459142538,7.074467058108042
5,0,5_0,angry,1,4.93093237882085,0.14380756179474516
2,9,2_9,angry,0,1.9881977055807718,9.041303805768116
6,2,6_2,angry,1,5.987798197403811,1.9702626642731444
5,4,5_4,angry,1,5.03067150914828,3.928549550273211
4,2,4_2,angry,2,4.079985939752824,2.0009161033336524
6,1,6_1,angry,1,5.915317113441727,0.9760588236891795
7,3,7_3,angry,1,6.989999277574434,2.9187945675416946
9,3,9_3,angry,1,9.118516443812718,3.163900452069063
0,9,0_9,angry,0,-0.059487058305005135,9.14281347216577
8,0,8_0,angry,0,7.934219998616775,0.09088389468443428
5,4,5_4,angry,1,5.016184495346495,3.92633196817527
0,9,0_9,angry,0,0.06755081523882561,9.068401545943782
7,1,7_1,angry,0,7.000914084444853,1.051170112759832
6,0,6_0,angry,1,6.106316847234959,0.035403649936324236
2,8,2_8,angry,0,2.0685435186053223,8.099973221363502
9,3,9_3,angry,1,9.067345605351205,3.0508296914289024
7,3,7_3,angry,1,7.044329320105928,3.059201138904347
4,5,4_5,angry,2,4.186212248027687,5.050952502669777
4,5,4_5,angry,2,3.9835870648907163,5.0272633126401685
8,2,8_2,angry,0,7.839718216634679,1.8573111096228654
7,7,7_7,angry,1,7.1283403489213715,7.0066896861928445
8,4,8_4,angry,0,7.963384045523454,3.95550464329207
7,1,7_1,angry,0,7.008630435547443,0.8976127233887984
4,1,4_1,angry,1,4.104764054788842,1.134545329544066
0,9,0_9,angry,0,-0.12818076328471403,9.138319627270857
7,4,7_4,angry,1,6.8998682228715085,4.108737648023649
7,2,7_2,angry,0,6.871897765030492,2.02041707334847
6,0,6_0,angry,1,5.936469096797966,0.10805000967621255
5,1,5_1,angry,1,5.035170928481359,1.000964254448146
5,0,5_0,angry,1,5.041935027425022,0.01622378215182235
