,PC1,PC2,PC3,PC4,PC5
_MFCC_Mean_2,0.015249986478180088,0.18311075324487408,-0.23425516037251726,0.06640669436716433,0.2992868176016537
_Chromagram_Mean_1,0.05082780773683569,-0.03938252888803078,0.26255417862339764,0.18142978435537552,0.20527957302209238
_Spectralspread_Mean,0.2525252092178522,0.17065463158779026,-0.17522080769968976,0.005461323502170034,0.08453967570922319
_MFCC_Mean_11,0.05169115830208099,-0.003578587877008257,-0.02311110207041829,0.461578963477758,0.14039863539190744
_Chromagram_Mean_9,0.09050610882996113,0.012886125108623216,0.15854448608605223,-0.15881129419449883,0.25018946528204183
_Zero-crossingrate_Mean,0.2512101486556325,0.033182870472567155,0.18232537052921316,0.00018716907300535333,-0.20140717366223262
_MFCC_Mean_6,-0.025583981352455907,-0.03572489175928876,-0.19819514391556847,-0.1544728892954678,0.2535627999393865
_Chromagram_Mean_8,0.04707242598440694,0.0717170048284235,0.16095581709610296,-0.11549822509540159,0.27097244596515263
_HarmonicChangeDetectionFunction_Std,-0.1379815587386939,0.33416782847591686,0.12620912738501827,0.02792016210515807,-0.02468757066762259
_Chromagram_Mean_4,0.058810435176315824,-0.019400563836962446,0.2796660677420404,-0.057316667844503844,0.233794461854123
_Chromagram_Mean_7,0.03292831571126406,0.13756986243417713,0.24000152625840593,-0.1692639005261798,-0.04946701672177691
_MFCC_Mean_13,-0.02653522864257169,-0.01184963301476181,-0.035051940966966344,0.4732124383331342,0.08002604925505724
_Chromagram_Mean_6,0.04052633842627997,-0.0025650925729999814,0.26419123147353796,-0.11848625637860603,0.20055651889763526
_HarmonicChangeDetectionFunction_Mean,0.05740310574493169,0.12615728648719254,0.3164947646415782,0.0004827926879579432,0.12037070400595086
_HarmonicChangeDetectionFunction_PeriodAmp,0.18300765613222036,-0.2840862071206187,0.05225410067133774,-0.0015974846656044855,0.0968963513167934
_Rolloff_Mean,0.29180008323156126,0.16939731292116242,-0.12190970832280149,-0.007719851536150619,0.025607992169459082
_MFCC_Mean_4,-0.011548742369027852,0.05443736489817799,-0.206975339826484,-0.04333789567395734,0.29644399634292473
_Chromagram_Mean_11,0.08960180509603016,-0.03532700711317871,0.19772596909935997,-0.0021001634795034846,0.28353337938859474
_AttackTime_Mean,-0.09711923715044944,0.3223718441233539,0.08229961710459373,0.00246342989833229,-0.09355545237887797
_MFCC_Mean_12,7.750868007448684e-05,0.0357779761963677,0.01846606633728827,0.461646377133743,0.06743903399495288
