class_a,class_b,feature,pairwise_fisher_distance,cohens_d,cohens_d_abs
angry,relax,_HarmonicChangeDetectionFunction_Std,3.612846307847531,-2.6880648458848406,2.6880648458848406
happy,relax,_Zero-crossingrate_Mean,3.568087214058179,2.673935346026131,2.673935346026131
happy,relax,_HarmonicChangeDetectionFunction_PeriodAmp,2.7398675380942916,2.336258734226364,2.336258734226364
happy,relax,_Eventdensity_Mean,2.634594379544228,2.295750962287687,2.295750962287687
angry,sad,_HarmonicChangeDetectionFunction_Std,2.570556071842425,-2.267425840470654,2.267425840470654
happy,relax,_HarmonicChangeDetectionFunction_Std,2.158938622299761,-2.0761950659917723,2.0761950659917723
happy,sad,_HarmonicChangeDetectionFunction_PeriodAmp,2.1406659092518554,2.0616449342127003,2.0616449342127003
angry,happy,_Zero-crossingrate_Mean,2.0151804621275247,-2.0077706731610387,2.0077706731610387
happy,relax,_Pulseclarity_Mean,1.866692968060701,1.9346186602971585,1.9346186602971585
happy,sad,_Pulseclarity_Mean,1.848906927838184,1.9281068055560335,1.9281068055560335
happy,relax,_Brightness_Mean,1.6851648542656457,1.8335546870109842,1.8335546870109842
angry,relax,_HarmonicChangeDetectionFunction_PeriodAmp,1.6074423215012679,1.7930099394585348,1.7930099394585348
happy,relax,_EntropyofSpectrum_Mean,1.5535854103884263,1.7593203359089822,1.7593203359089822
happy,sad,_Zero-crossingrate_Mean,1.4838614545514135,1.7239013626062831,1.7239013626062831
happy,sad,_EntropyofSpectrum_Mean,1.412179010192778,1.6756458675893806,1.6756458675893806
angry,relax,_Fluctuation_Mean,1.2976759473063701,-1.6110095886146811,1.6110095886146811
happy,relax,_MFCC_Mean_1,1.2948619753407768,-1.6075015631827736,1.6075015631827736
angry,happy,_HarmonicChangeDetectionFunction_Mean,1.2795261040252324,-1.5982910118671398,1.5982910118671398
happy,sad,_HarmonicChangeDetectionFunction_Std,1.2614300538527718,-1.5863468291007263,1.5863468291007263
happy,sad,_Eventdensity_Mean,1.2409361655094968,1.5743688809379621,1.5743688809379621
angry,relax,_Eventdensity_Mean,1.1955394547629443,1.5463113882791975,1.5463113882791975
angry,sad,_HarmonicChangeDetectionFunction_PeriodAmp,1.119179599949607,1.4957629598590578,1.4957629598590578
angry,happy,_Fluctuation_Mean,1.1152308468276522,-1.4939964460262498,1.4939964460262498
angry,happy,_EntropyofSpectrum_Mean,1.063972014585376,-1.4564144903536662,1.4564144903536662
happy,sad,_Brightness_Mean,1.012078623925475,1.4200495796224244,1.4200495796224244
happy,sad,_MFCC_Mean_1,0.8663160104170416,-1.3140286799438825,1.3140286799438825
angry,sad,_Fluctuation_Mean,0.7882237408407603,-1.2551762394820465,1.2551762394820465
happy,sad,_Spectralskewness_Mean,0.7795966588319295,-1.2455401961436086,1.2455401961436086
angry,sad,_HarmonicChangeDetectionFunction_Mean,0.7725465226608554,-1.2435877524567467,1.2435877524567467
angry,sad,_AttackTime_Mean,0.7541829113046729,-1.2274501675710598,1.2274501675710598
angry,happy,_Brightness_Mean,0.7390698730328011,-1.2146057902219602,1.2146057902219602
happy,sad,_Spectralcentroid_Mean,0.7201066059256617,1.2000228769617887,1.2000228769617887
happy,sad,_Spectralkurtosis_Mean,0.6629385021680502,-1.1474461302135959,1.1474461302135959
happy,relax,_MFCC_Mean_2,0.6595203657798083,-1.1477998552785635,1.1477998552785635
angry,relax,_AttackTime_Mean,0.6367872434305278,-1.1285275747003707,1.1285275747003707
angry,happy,_Pulseclarity_Mean,0.5946880290992305,-1.0910198850553698,1.0910198850553698
angry,relax,_HarmonicChangeDetectionFunction_Mean,0.585251627712115,-1.0818979875304404,1.0818979875304404
happy,relax,_Spectralcentroid_Mean,0.5840015908930551,1.0801130150913216,1.0801130150913216
angry,sad,_Eventdensity_Mean,0.5550546616892602,1.0544439952790752,1.0544439952790752
angry,happy,_Chromagram_Mean_7,0.5545043008818129,-1.0548365160834485,1.0548365160834485
happy,sad,_Rolloff_Mean,0.526611400876735,1.026396076832521,1.026396076832521
angry,relax,_MFCC_Mean_1,0.5094562136568586,-1.00941192152269,1.00941192152269
happy,relax,_Spectralskewness_Mean,0.4809735528648057,-0.9791431142862447,0.9791431142862447
angry,happy,_Spectralcentroid_Mean,0.47117354195789096,-0.9703928683047949,0.9703928683047949
angry,happy,_Spectralskewness_Mean,0.4677209411537056,0.9661709579382911,0.9661709579382911
angry,happy,_HarmonicChangeDetectionFunction_Std,0.44376999795226557,-0.9414858949974269,0.9414858949974269
angry,sad,_Chromagram_Mean_7,0.44126215944770814,-0.9377682617386329,0.9377682617386329
angry,happy,_Spectralkurtosis_Mean,0.43899301027420345,0.9355985325821209,0.9355985325821209
angry,relax,_Roughness_Slope,0.4141096972253191,-0.9100655989813919,0.9100655989813919
angry,relax,_MFCC_Mean_2,0.39973331798696704,-0.8941289817317176,0.8941289817317176
angry,happy,_MFCC_Mean_3,0.3969393198051066,0.8908793480144308,0.8908793480144308
happy,sad,_AttackTime_Mean,0.38742100017095604,-0.8775400460073327,0.8775400460073327
angry,happy,_MFCC_Mean_7,0.3686345482320135,0.8591843779308062,0.8591843779308062
happy,relax,_Spectralkurtosis_Mean,0.3643641040599207,-0.8519650337770626,0.8519650337770626
relax,sad,_Zero-crossingrate_Mean,0.36106592051964365,-0.8492409364091883,0.8492409364091883
happy,relax,_Roughness_Mean,0.3560950785575479,0.8446087612679714,0.8446087612679714
relax,sad,_MFCC_Mean_2,0.33702022681455396,0.8206727285757398,0.8206727285757398
happy,sad,_Roughness_Mean,0.32294844477111045,0.8044391342281676,0.8044391342281676
angry,relax,_Roughness_Mean,0.3210285316507369,0.8012846331363611,0.8012846331363611
angry,relax,_Chromagram_Mean_7,0.30448431526582254,-0.7803644216201949,0.7803644216201949
happy,relax,_AttackTime_Mean,0.30400516470147815,-0.7784471341284189,0.7784471341284189
angry,relax,_Pulseclarity_Mean,0.30186686626277753,0.7770030453765764,0.7770030453765764
angry,happy,_Rolloff_Mean,0.29692848700704366,-0.7705535987901355,0.7705535987901355
angry,sad,_Roughness_Mean,0.2946838331870256,0.7682428747189327,0.7682428747189327
angry,sad,_Pulseclarity_Mean,0.28386168792680777,0.7542344755643233,0.7542344755643233
happy,relax,_Chromagram_Mean_11,0.2533673039838986,0.7117860042888514,0.7117860042888514
angry,sad,_MFCC_Mean_1,0.25213946554605643,-0.7101287577850668,0.7101287577850668
relax,sad,_MFCC_Mean_4,0.2471789065011089,0.7033206549853479,0.7033206549853479
happy,relax,_Roughness_Slope,0.24052561043428686,-0.6932810584764094,0.6932810584764094
happy,relax,_MFCC_Mean_4,0.23907828840600495,-0.6908411732024649,0.6908411732024649
angry,sad,_RMSenergy_Mean,0.23903628335938948,0.6915959624586666,0.6915959624586666
angry,happy,_Chromagram_Mean_1,0.23336013681622697,-0.6832134954040986,0.6832134954040986
angry,relax,_RMSenergy_Mean,0.2323337256901732,0.6816652047593672,0.6816652047593672
angry,happy,_Chromagram_Mean_2,0.23115846145709684,-0.6803927106731297,0.6803927106731297
angry,happy,_MFCC_Mean_6,0.22359974184937667,0.6690390940386277,0.6690390940386277
happy,sad,_Spectralspread_Mean,0.21530333544896652,0.6560221333833914,0.6560221333833914
angry,relax,_MFCC_Mean_7,0.2135510361135808,0.6535304677109564,0.6535304677109564
happy,relax,_Rolloff_Mean,0.20548674207704284,0.6405912670198198,0.6405912670198198
angry,relax,_Brightness_Mean,0.20188517474962187,0.635429263961468,0.635429263961468
happy,sad,_Chromagram_Mean_1,0.20167001964572392,0.6353255140768788,0.6353255140768788
happy,relax,_Chromagram_Mean_6,0.19878336374136357,0.6311025175883277,0.6311025175883277
angry,relax,_HarmonicChangeDetectionFunction_PeriodFreq,0.19404773613975274,0.6229730911355239,0.6229730911355239
relax,sad,_Roughness_Slope,0.1938943344038648,0.6226336867200626,0.6226336867200626
happy,relax,_AttackTime_Slope,0.19360179812324382,0.6214407908363149,0.6214407908363149
angry,happy,_AttackTime_Mean,0.19214782681365195,-0.619221269800967,0.619221269800967
angry,happy,_Chromagram_Mean_12,0.18905262876071385,-0.6146785053705388,0.6146785053705388
angry,happy,_Chromagram_Mean_11,0.1887970041769928,-0.6147231722784434,0.6147231722784434
happy,relax,_HarmonicChangeDetectionFunction_PeriodFreq,0.17944041803124922,0.5989157887215796,0.5989157887215796
angry,happy,_Chromagram_Mean_6,0.168670902492722,-0.5812035111657808,0.5812035111657808
happy,sad,_RMSenergy_Mean,0.16837650314049601,0.580336628105648,0.580336628105648
happy,relax,_RMSenergy_Mean,0.15994962926308737,0.5657839671591615,0.5657839671591615
angry,happy,_Chromagram_Mean_8,0.15251915010732064,-0.5521903865728643,0.5521903865728643
happy,relax,_MFCC_Mean_3,0.1511084543602678,-0.549437964464074,0.549437964464074
angry,sad,_MFCC_Mean_3,0.14752219338247716,0.5429957924455141,0.5429957924455141
happy,relax,_HarmonicChangeDetectionFunction_PeriodEntropy,0.14745377062542067,0.5422943688445186,0.5422943688445186
relax,sad,_Eventdensity_Mean,0.14240708673094218,-0.5334438257679105,0.5334438257679105
relax,sad,_HarmonicChangeDetectionFunction_Std,0.13639177019743354,0.5224047820075169,0.5224047820075169
happy,sad,_MFCC_Mean_7,0.12887150065339928,-0.507376795534177,0.507376795534177
angry,happy,_MFCC_Mean_1,0.12290613628114046,0.4953632934955913,0.4953632934955913
happy,relax,_Chromagram_Mean_4,0.12284830782396722,0.49572523540872904,0.49572523540872904
angry,sad,_Chromagram_Mean_8,0.11866809688613093,-0.48698504077451515,0.48698504077451515
happy,relax,_Chromagram_Mean_1,0.11818694600263059,0.48612217337226205,0.48612217337226205
relax,sad,_Brightness_Mean,0.11570189669535197,-0.481217954663325,0.481217954663325
happy,sad,_Chromagram_Mean_2,0.11557124282326996,0.48099172947268515,0.48099172947268515
happy,relax,_HarmonicChangeDetectionFunction_Slope,0.11422781810081882,-0.4778351853041957,0.4778351853041957
angry,relax,_EntropyofSpectrum_Mean,0.11245851658098148,0.47425418623521515,0.47425418623521515
happy,relax,_MFCC_Mean_6,0.11222493862166504,-0.47338377852376234,0.47338377852376234
relax,sad,_Chromagram_Mean_6,0.10884007274159375,-0.4661767481896818,0.4661767481896818
angry,sad,_HarmonicChangeDetectionFunction_PeriodFreq,0.10691957776127631,0.46280809694632674,0.46280809694632674
angry,sad,_Lowenergy_Mean,0.10572328315999888,-0.46001525714773184,0.46001525714773184
happy,relax,_Chromagram_Mean_2,0.10454932903677364,0.4572745584983277,0.4572745584983277
angry,happy,_Spectralspread_Mean,0.10218136648903653,-0.45214153757910397,0.45214153757910397
angry,relax,_Tempo_Mean,0.09962462734293018,0.44637344755883807,0.44637344755883807
happy,relax,_Chromagram_Mean_9,0.09252723977719778,0.43005624624204736,0.43005624624204736
angry,relax,_MFCC_Mean_4,0.0897826285679665,-0.4237514095972577,0.4237514095972577
angry,happy,_Chromagram_Mean_9,0.08973139907203222,-0.4236362210371682,0.4236362210371682
angry,sad,_Chromagram_Mean_6,0.08869623650335733,-0.42093110177708226,0.42093110177708226
happy,sad,_HarmonicChangeDetectionFunction_PeriodFreq,0.08844025300980903,0.42080613503780623,0.42080613503780623
happy,sad,_Chromagram_Mean_11,0.0875246811424316,0.41834935362236114,0.41834935362236114
happy,relax,_HarmonicChangeDetectionFunction_Mean,0.08447488436898716,0.4107434442783237,0.4107434442783237
angry,relax,_Chromagram_Mean_12,0.08437589975807244,-0.4107941084240303,0.4107941084240303
relax,sad,_Fluctuation_Mean,0.08385160876457631,0.40962740449043794,0.40962740449043794
angry,happy,_MFCC_Mean_2,0.08071464306829651,0.40201496156866673,0.40201496156866673
angry,happy,_MFCC_Mean_9,0.07785783549040849,0.3948653487780193,0.3948653487780193
relax,sad,_EntropyofSpectrum_Mean,0.07770300014059014,-0.3945174203613916,0.3945174203613916
happy,sad,_AttackTime_Slope,0.07659418860524975,0.3907087288213383,0.3907087288213383
angry,sad,_MFCC_Mean_4,0.07462064155115827,0.3860444685532341,0.3860444685532341
angry,relax,_AttackTime_Slope,0.07457578891496339,0.38620147310661096,0.38620147310661096
relax,sad,_HarmonicChangeDetectionFunction_PeriodAmp,0.07398897870997441,-0.38480150348047126,0.38480150348047126
angry,sad,_Zero-crossingrate_Mean,0.07349424907266099,-0.38348645349845556,0.38348645349845556
angry,happy,_Chromagram_Mean_4,0.07303913252245495,-0.3822353744200482,0.3822353744200482
happy,sad,_HarmonicChangeDetectionFunction_PeriodEntropy,0.07293534015811919,0.38113565877659816,0.38113565877659816
relax,sad,_MFCC_Mean_7,0.07141452689117336,-0.37802556123179704,0.37802556123179704
angry,relax,_Zero-crossingrate_Mean,0.07044075088837085,0.37534184655654745,0.37534184655654745
happy,sad,_Chromagram_Mean_3,0.06550206311455058,0.36167678137865306,0.36167678137865306
relax,sad,_Tempo_Mean,0.06304763790834836,-0.35507927527311384,0.35507927527311384
happy,sad,_Chromagram_Mean_12,0.06129459415368693,0.34969077445426866,0.34969077445426866
angry,happy,_HarmonicChangeDetectionFunction_PeriodEntropy,0.06048607501836823,-0.34745071351773643,0.34745071351773643
happy,sad,_MFCC_Mean_11,0.060464340999341074,0.34724795690824756,0.34724795690824756
angry,sad,_Chromagram_Mean_3,0.060144459663526,0.34708707474984946,0.34708707474984946
angry,happy,_MFCC_Mean_4,0.05855103763047186,0.34222323240275443,0.34222323240275443
happy,relax,_Spectralspread_Mean,0.05742124725086574,0.3388011217672689,0.3388011217672689
angry,happy,_Chromagram_Mean_5,0.056714628668461296,-0.33671074036119564,0.33671074036119564
relax,sad,_MFCC_Mean_1,0.056565015046899265,0.33643628592432245,0.33643628592432245
angry,relax,_Lowenergy_Mean,0.056510286940876106,-0.3361853266898899,0.3361853266898899
happy,sad,_Chromagram_Mean_10,0.055990404305495005,0.33436902047381506,0.33436902047381506
happy,sad,_MFCC_Mean_9,0.055469649214015156,-0.33257649499042785,0.33257649499042785
angry,sad,_MFCC_Mean_13,0.05265880531442143,0.32405317796144956,0.32405317796144956
happy,relax,_Tempo_Mean,0.05051689341845627,0.31769018840997887,0.31769018840997887
relax,sad,_Chromagram_Mean_9,0.0486264149835823,-0.3118156504861272,0.3118156504861272
happy,sad,_HarmonicChangeDetectionFunction_Mean,0.047133265018193045,0.30675523853683107,0.30675523853683107
angry,sad,_Spectralskewness_Mean,0.04602088032505485,-0.30330203781347814,0.30330203781347814
angry,sad,_Chromagram_Mean_9,0.04430245932298574,-0.2975416267629291,0.2975416267629291
relax,sad,_Spectralspread_Mean,0.043760565544727785,0.29587034666600226,0.29587034666600226
relax,sad,_Chromagram_Mean_11,0.043405340531747834,-0.29465006250113374,0.29465006250113374
relax,sad,_HarmonicChangeDetectionFunction_Slope,0.04011116223567805,0.2832630062973596,0.2832630062973596
angry,relax,_Chromagram_Mean_8,0.038970660712068,-0.2791797296080378,0.2791797296080378
angry,sad,_Spectralkurtosis_Mean,0.03762012738292876,-0.27418612648196766,0.27418612648196766
happy,sad,_MFCC_Mean_3,0.03721763237040028,-0.2725716530007285,0.2725716530007285
happy,sad,_MFCC_Mean_6,0.03660758457401061,-0.2701836833539844,0.2701836833539844
angry,sad,_Chromagram_Mean_10,0.03587105785408618,0.267851013526489,0.267851013526489
relax,sad,_Chromagram_Mean_3,0.035581122119609,0.2668270825364647,0.2668270825364647
angry,sad,_MFCC_Mean_6,0.03531888493587581,0.2654762048405306,0.2654762048405306
relax,sad,_MFCC_Mean_13,0.03503241746497901,0.26469741339204106,0.26469741339204106
relax,sad,_MFCC_Mean_5,0.03488485287949556,0.26420550468922566,0.26420550468922566
angry,happy,_Roughness_Slope,0.03448712215659153,-0.2625713464377556,0.2625713464377556
relax,sad,_MFCC_Mean_3,0.033899201539874566,0.2604030127178,0.2604030127178
angry,relax,_MFCC_Mean_3,0.03300240147792013,0.25691399914317686,0.25691399914317686
relax,sad,_AttackTime_Slope,0.03200684392713491,-0.2531398720753421,0.2531398720753421
relax,sad,_Chromagram_Mean_4,0.03172590611311744,-0.2517908501435103,0.2517908501435103
happy,relax,_Chromagram_Mean_8,0.03135765134771889,0.25035222760328085,0.25035222760328085
happy,relax,_MFCC_Mean_5,0.030931384274683595,-0.24847138812065092,0.24847138812065092
angry,happy,_Lowenergy_Mean,0.029865352700835488,-0.24431882489139153,0.24431882489139153
angry,happy,_HarmonicChangeDetectionFunction_Slope,0.028900013165203648,0.2402385581047821,0.2402385581047821
angry,sad,_MFCC_Mean_7,0.028435580103050726,0.23826273690807753,0.23826273690807753
angry,sad,_Spectralspread_Mean,0.02807789789012055,0.23689962452885124,0.23689962452885124
angry,sad,_Roughness_Slope,0.027743238168794326,-0.23547176173574025,0.23547176173574025
happy,sad,_Fluctuation_Mean,0.027446385944864378,0.23430911295212828,0.23430911295212828
angry,happy,_AttackTime_Slope,0.02741952476638127,-0.23399503186383003,0.23399503186383003
relax,sad,_HarmonicChangeDetectionFunction_PeriodFreq,0.026286861284804484,-0.22940916459005126,0.22940916459005126
happy,sad,_Spectralflatness_Mean,0.026221192757967752,0.22908517742518916,0.22908517742518916
happy,relax,_MFCC_Mean_11,0.026219139310168282,0.22886810755799558,0.22886810755799558
angry,sad,_Rolloff_Mean,0.026204685760260322,0.22896515897163644,0.22896515897163644
happy,relax,_Spectralflatness_Mean,0.026188857441445796,0.22900844826215028,0.22900844826215028
happy,sad,_Lowenergy_Mean,0.02587183823384312,-0.22750606050699043,0.22750606050699043
angry,sad,_MFCC_Mean_11,0.025839039997793366,0.22703938148121153,0.22703938148121153
relax,sad,_Chromagram_Mean_10,0.025471023018140013,0.22573285382500013,0.22573285382500013
angry,sad,_MFCC_Mean_5,0.025407017712092583,0.22526575716555242,0.22526575716555242
happy,sad,_Chromagram_Mean_5,0.024332305402445197,0.22056097972764133,0.22056097972764133
relax,sad,_Chromagram_Mean_8,0.02417305548259987,-0.2198166385307762,0.2198166385307762
angry,happy,_HarmonicChangeDetectionFunction_PeriodAmp,0.023734394730629386,-0.21750381784719566,0.21750381784719566
relax,sad,_Rolloff_Mean,0.02356717935179689,0.21727847132620523,0.21727847132620523
angry,sad,_Chromagram_Mean_12,0.02309128808709082,-0.21484342030882195,0.21484342030882195
angry,relax,_MFCC_Mean_9,0.02275569562949524,0.21333398992874672,0.21333398992874672
angry,relax,_Spectralskewness_Mean,0.02216842428435258,-0.2105631700194527,0.2105631700194527
angry,relax,_HarmonicChangeDetectionFunction_PeriodEntropy,0.021725982729005246,0.20845135033851392,0.20845135033851392
angry,happy,_MFCC_Mean_5,0.021550389676946648,0.2075854961019794,0.2075854961019794
happy,sad,_Chromagram_Mean_4,0.021452038347287303,0.20699699119475024,0.20699699119475024
angry,relax,_Chromagram_Mean_5,0.02072602273797647,-0.20359775410326367,0.20359775410326367
relax,sad,_MFCC_Mean_9,0.020469944325044676,-0.2022861163661214,0.2022861163661214
angry,happy,_Spectralflatness_Mean,0.01973796550911427,-0.19879115874726788,0.19879115874726788
angry,happy,_Eventdensity_Mean,0.018889130916544507,-0.1941569176342828,0.1941569176342828
happy,sad,_MFCC_Mean_13,0.018235150652500916,0.19076953150687206,0.19076953150687206
happy,sad,_HarmonicChangeDetectionFunction_Slope,0.017878875118312387,-0.18902750308262495,0.18902750308262495
relax,sad,_Chromagram_Mean_12,0.01714648784334714,0.18517872084657366,0.18517872084657366
happy,relax,_Fluctuation_Mean,0.017139502923833306,-0.18510167558522708,0.18510167558522708
relax,sad,_MFCC_Mean_6,0.016818664231059446,0.18341567799874886,0.18341567799874886
relax,sad,_HarmonicChangeDetectionFunction_PeriodEntropy,0.016312465342078492,-0.18070404149651237,0.18070404149651237
angry,happy,_MFCC_Mean_11,0.01629220672440332,-0.18062897403255862,0.18062897403255862
angry,relax,_HarmonicChangeDetectionFunction_Slope,0.016289789003671586,-0.18049813851476906,0.18049813851476906
angry,relax,_Chromagram_Mean_1,0.015205630835735822,-0.17438824980894208,0.17438824980894208
happy,relax,_Chromagram_Mean_7,0.015205021704472287,0.17435541076107627,0.17435541076107627
angry,sad,_Chromagram_Mean_2,0.014864431379426958,-0.1723442063506526,0.1723442063506526
angry,sad,_Brightness_Mean,0.014225917029076445,0.1686814169572636,0.1686814169572636
angry,relax,_Chromagram_Mean_2,0.014142697402100139,-0.16818262337160833,0.16818262337160833
angry,sad,_Chromagram_Mean_11,0.012895216456891198,-0.1605255512938326,0.1605255512938326
angry,relax,_Chromagram_Mean_11,0.01257234291203209,0.15857075967537354,0.15857075967537354
angry,happy,_Tempo_Mean,0.012062433870397316,0.15528634222463303,0.15528634222463303
angry,sad,_MFCC_Mean_2,0.011904349330456586,0.1540821968110392,0.1540821968110392
happy,sad,_Chromagram_Mean_6,0.011538900360242712,0.15193859360717685,0.15193859360717685
angry,relax,_Spectralcentroid_Mean,0.01113694875445689,0.14924442203606908,0.14924442203606908
angry,sad,_Spectralcentroid_Mean,0.01097149285321643,0.14818099850122793,0.14818099850122793
angry,sad,_Chromagram_Mean_4,0.01071535541813566,-0.14633205177065448,0.14633205177065448
happy,relax,_Chromagram_Mean_12,0.010642064563981531,0.14580297017635854,0.14580297017635854
angry,sad,_AttackTime_Slope,0.010463410728193234,0.14464495180576278,0.14464495180576278
happy,sad,_MFCC_Mean_2,0.010211566086763378,-0.14263345289723534,0.14263345289723534
angry,happy,_MFCC_Mean_8,0.010093028822514944,-0.14216781165899434,0.14216781165899434
relax,sad,_Chromagram_Mean_7,0.009716005872737915,-0.13938802520968932,0.13938802520968932
angry,relax,_MFCC_Mean_8,0.009534961404912414,-0.1380938912834157,0.1380938912834157
angry,happy,_RMSenergy_Mean,0.009160726195674925,0.1353273076088394,0.1353273076088394
angry,happy,_MFCC_Mean_12,0.00820950298323466,-0.12822299402570203,0.12822299402570203
angry,relax,_Spectralkurtosis_Mean,0.008102636283500326,-0.12729993152777988,0.12729993152777988
happy,sad,_MFCC_Mean_10,0.007983419097526055,0.1261502800984487,0.1261502800984487
angry,happy,_MFCC_Mean_13,0.00776192290320191,0.1247278649930604,0.1247278649930604
angry,sad,_Chromagram_Mean_5,0.00732364965579197,-0.12104440715317592,0.12104440715317592
happy,relax,_MFCC_Mean_9,0.007272641051406327,-0.12054123002181014,0.12054123002181014
relax,sad,_MFCC_Mean_11,0.0069329397213183114,0.11773196385073838,0.11773196385073838
relax,sad,_Chromagram_Mean_1,0.0067732625981930085,0.11642524971883134,0.11642524971883134
angry,relax,_Chromagram_Mean_4,0.00659810512180576,0.11487475894900037,0.11487475894900037
relax,sad,_HarmonicChangeDetectionFunction_Mean,0.006590433045013169,-0.11483918897429984,0.11483918897429984
relax,sad,_Lowenergy_Mean,0.006458658344011998,-0.11368111707036309,0.11368111707036309
angry,relax,_MFCC_Mean_12,0.006413792765337291,-0.11325893135049149,0.11325893135049149
happy,relax,_Chromagram_Mean_5,0.00633132352623195,0.11248230333900554,0.11248230333900554
relax,sad,_Spectralkurtosis_Mean,0.006239637892289249,-0.11176095493112664,0.11176095493112664
angry,relax,_Chromagram_Mean_3,0.005701412427405966,0.10678401029553143,0.10678401029553143
angry,sad,_EntropyofSpectrum_Mean,0.005643578906890731,0.10626038025398114,0.10626038025398114
happy,relax,_Lowenergy_Mean,0.005513425910044175,-0.10499163547625813,0.10499163547625813
happy,relax,_MFCC_Mean_13,0.00494320863737886,-0.09937751933851122,0.09937751933851122
angry,sad,_MFCC_Mean_8,0.004825404740471954,-0.09813454141633404,0.09813454141633404
angry,relax,_MFCC_Mean_11,0.004327866276863264,0.09303618948405483,0.09303618948405483
relax,sad,_Chromagram_Mean_5,0.004256020807824469,0.0922901090799052,0.0922901090799052
happy,sad,_Chromagram_Mean_9,0.004154191103701207,0.09107632473102303,0.09107632473102303
angry,happy,_HarmonicChangeDetectionFunction_PeriodFreq,0.004146420849904284,0.09101317220937012,0.09101317220937012
happy,sad,_MFCC_Mean_4,0.004070478918636374,0.09010957512463205,0.09010957512463205
angry,sad,_MFCC_Mean_10,0.003938413735409995,0.08861761399515586,0.08861761399515586
happy,relax,_Chromagram_Mean_10,0.0034810919748210077,0.08339567723149723,0.08339567723149723
happy,relax,_MFCC_Mean_7,0.003343914514991943,-0.08173335541784879,0.08173335541784879
angry,relax,_MFCC_Mean_5,0.003331836615346218,-0.08163132505774179,0.08163132505774179
angry,relax,_Spectralspread_Mean,0.0032364965908314716,-0.08045491396834069,0.08045491396834069
happy,sad,_Tempo_Mean,0.002791078368502318,-0.07462742788364135,0.07462742788364135
happy,sad,_MFCC_Mean_12,0.002623762878207468,0.0724001004800725,0.0724001004800725
angry,sad,_HarmonicChangeDetectionFunction_Slope,0.0026163737154793567,0.07237831137932002,0.07237831137932002
relax,sad,_MFCC_Mean_12,0.0022837081164387013,0.0676036092503365,0.0676036092503365
angry,sad,_Tempo_Mean,0.0021932164941875394,0.06620651707395667,0.06620651707395667
angry,happy,_Chromagram_Mean_3,0.0020632692570242053,0.06416854408374964,0.06416854408374964
angry,sad,_Chromagram_Mean_1,0.002058661114072273,-0.064174070145859,0.064174070145859
angry,happy,_MFCC_Mean_10,0.0020014410245093642,-0.06332218477845912,0.06332218477845912
happy,relax,_MFCC_Mean_10,0.001957439271824,0.06252433431053404,0.06252433431053404
happy,relax,_Chromagram_Mean_3,0.0017473442371884257,0.05907991426380083,0.05907991426380083
relax,sad,_MFCC_Mean_10,0.0017254950867153398,0.058737384432976554,0.058737384432976554
happy,sad,_MFCC_Mean_5,0.001325903665960193,0.05141522836081731,0.05141522836081731
relax,sad,_Spectralskewness_Mean,0.0012774404824590169,-0.05057600097969406,0.05057600097969406
relax,sad,_RMSenergy_Mean,0.0011217806838123233,0.04735200967430585,0.04735200967430585
angry,happy,_Chromagram_Mean_10,0.001061937478145823,-0.04606642422154059,0.04606642422154059
angry,sad,_Spectralflatness_Mean,0.0010618058202408695,0.04606643002643401,0.04606643002643401
relax,sad,_Pulseclarity_Mean,0.0009201261653667777,-0.04290301473614,0.04290301473614
angry,relax,_MFCC_Mean_6,0.0009045879865915725,0.042534409284488386,0.042534409284488386
relax,sad,_AttackTime_Mean,0.0007945291240683673,-0.0398706409294875,0.0398706409294875
angry,sad,_MFCC_Mean_12,0.0007781700318879116,-0.03941446140581916,0.03941446140581916
angry,sad,_MFCC_Mean_9,0.0007201469011254907,-0.03790203770946321,0.03790203770946321
relax,sad,_MFCC_Mean_8,0.0006590958653879055,0.03631083542365301,0.03631083542365301
angry,relax,_Chromagram_Mean_10,0.0006462403525697016,0.035951087676696636,0.035951087676696636
angry,relax,_Chromagram_Mean_6,0.0005984877215911772,0.03459733289113961,0.03459733289113961
angry,relax,_Chromagram_Mean_9,0.0004971360002343728,0.03153207891128069,0.03153207891128069
angry,relax,_Spectralflatness_Mean,0.0004535465164508581,0.03011798520652178,0.03011798520652178
angry,sad,_HarmonicChangeDetectionFunction_PeriodEntropy,0.00045331667049406434,0.030109898625268715,0.030109898625268715
happy,sad,_Chromagram_Mean_7,0.00039026703511002195,0.027924397387857448,0.027924397387857448
happy,sad,_MFCC_Mean_8,0.0003112698813389932,0.02492668276192219,0.02492668276192219
angry,relax,_Rolloff_Mean,0.00021270663809028336,-0.020625549112204156,0.020625549112204156
relax,sad,_Spectralflatness_Mean,0.00018105635670840034,0.01902045389726197,0.01902045389726197
angry,relax,_MFCC_Mean_10,0.0001499198219063869,0.017315878372531544,0.017315878372531544
relax,sad,_Spectralcentroid_Mean,0.00014204368022887576,-0.016864175554594758,0.016864175554594758
happy,relax,_MFCC_Mean_8,0.00011321363734651438,-0.015038628692159332,0.015038628692159332
angry,happy,_Roughness_Mean,3.662385218835334e-05,0.008556380131027325,0.008556380131027325
angry,relax,_MFCC_Mean_13,2.1175368043438048e-05,-0.0065077443163364754,0.0065077443163364754
relax,sad,_Chromagram_Mean_2,8.994493386093996e-06,0.004242289327743408,0.004242289327743408
relax,sad,_Roughness_Mean,8.196936765147453e-06,0.004047461719338875,0.004047461719338875
happy,sad,_Chromagram_Mean_8,8.189830047702513e-06,0.004042485135491925,0.004042485135491925
happy,relax,_MFCC_Mean_12,4.690839591381114e-06,-0.0030611732706660516,0.0030611732706660516
happy,sad,_Roughness_Slope,9.980737726482853e-07,-0.0014112375898198625,0.0014112375898198625
