feature,q1,q3,iqr,lower_bound,upper_bound,iqr_outlier_count,iqr_outlier_percentage,z_threshold,zscore_outlier_count,zscore_outlier_percentage
_AttackTime_Mean,0.023,0.033,0.010000000000000002,0.007999999999999997,0.048,38,9.5,3.0,9,2.25
_Spectralkurtosis_Mean,3.8815,7.849,3.9675000000000002,-2.06975,13.80025,33,8.25,3.0,5,1.25
_Chromagram_Mean_7,0.026,0.365,0.33899999999999997,-0.48249999999999993,0.8734999999999999,22,5.5,3.0,0,0.0
_Chromagram_Mean_4,0.017,0.315,0.298,-0.42999999999999994,0.762,21,5.25,3.0,8,2.0
_Spectralskewness_Mean,1.32725,2.1825,0.8552500000000001,0.04437499999999983,3.4653750000000003,18,4.5,3.0,9,2.25
_Roughness_Mean,169.18875,734.3725,565.1837499999999,-678.5868749999998,1582.1481249999997,18,4.5,3.0,8,2.0
_Chromagram_Mean_2,0.0185,0.39525,0.37675,-0.546625,0.960375,18,4.5,3.0,0,0.0
_HarmonicChangeDetectionFunction_PeriodEntropy,0.965,0.969,0.0040000000000000036,0.959,0.975,16,4.0,3.0,5,1.25
_MFCC_Mean_6,-0.07825,0.15125,0.22949999999999998,-0.42249999999999993,0.49549999999999994,15,3.75,3.0,8,2.0
_MFCC_Mean_1,1.9485000000000001,2.8602499999999997,0.9117499999999996,0.5808750000000007,4.227874999999999,15,3.75,3.0,5,1.25
_Fluctuation_Mean,5.859500000000001,7.8235,1.9639999999999995,2.9135000000000013,10.769499999999999,14,3.5000000000000004,3.0,12,3.0
_MFCC_Mean_13,-0.0455,0.10125,0.14675,-0.265625,0.32137499999999997,14,3.5000000000000004,3.0,5,1.25
_MFCC_Mean_8,-0.04925,0.13,0.17925000000000002,-0.31812500000000005,0.39887500000000004,13,3.25,3.0,5,1.25
_EntropyofSpectrum_Mean,0.853,0.899,0.04600000000000004,0.7839999999999999,0.9680000000000001,13,3.25,3.0,4,1.0
_Pulseclarity_Mean,0.12775,0.32725000000000004,0.19950000000000004,-0.17150000000000007,0.6265000000000001,12,3.0,3.0,7,1.7500000000000002
_MFCC_Mean_4,-0.117,0.19825,0.31525000000000003,-0.589875,0.6711250000000001,12,3.0,3.0,3,0.75
_MFCC_Mean_10,-0.05925,0.126,0.18525,-0.337125,0.403875,12,3.0,3.0,3,0.75
_MFCC_Mean_9,-0.07100000000000001,0.123,0.194,-0.36200000000000004,0.41400000000000003,11,2.75,3.0,5,1.25
_MFCC_Mean_11,-0.044,0.114,0.158,-0.28099999999999997,0.351,11,2.75,3.0,3,0.75
_Roughness_Slope,-0.027,0.174,0.20099999999999998,-0.3285,0.4755,11,2.75,3.0,1,0.25
_HarmonicChangeDetectionFunction_Slope,-0.058,0.06325,0.12125,-0.239875,0.245125,10,2.5,3.0,3,0.75
_MFCC_Mean_12,-0.056,0.0945,0.1505,-0.28175,0.32025000000000003,10,2.5,3.0,2,0.5
_Spectralflatness_Mean,0.029,0.062,0.033,-0.0205,0.1115,9,2.25,3.0,8,2.0
_MFCC_Mean_5,0.06125,0.2885,0.22724999999999998,-0.279625,0.629375,9,2.25,3.0,3,0.75
_Lowenergy_Mean,0.523,0.5832499999999999,0.060249999999999915,0.43262500000000015,0.6736249999999998,9,2.25,3.0,2,0.5
_MFCC_Mean_7,-0.04125,0.17225,0.2135,-0.3615,0.49249999999999994,8,2.0,3.0,2,0.5
_MFCC_Mean_2,-0.26275000000000004,0.41325,0.676,-1.27675,1.42725,7,1.7500000000000002,3.0,3,0.75
_Zero-crossingrate_Mean,592.275,1303.49275,711.2177499999999,-474.55162499999994,2370.319375,6,1.5,3.0,3,0.75
_HarmonicChangeDetectionFunction_PeriodAmp,0.725,0.824,0.09899999999999998,0.5765,0.9724999999999999,6,1.5,3.0,3,0.75
_HarmonicChangeDetectionFunction_PeriodFreq,0.961,2.243,1.282,-0.9620000000000001,4.166,6,1.5,3.0,0,0.0
_AttackTime_Slope,-0.094,0.089,0.183,-0.36849999999999994,0.36349999999999993,5,1.25,3.0,3,0.75
_MFCC_Mean_3,0.28125,0.686,0.40475000000000005,-0.32587500000000014,1.2931250000000003,4,1.0,3.0,3,0.75
_HarmonicChangeDetectionFunction_Std,0.16,0.226,0.066,0.061,0.325,4,1.0,3.0,2,0.5
_Eventdensity_Mean,1.737,3.6925,1.9554999999999998,-1.1962499999999996,6.62575,3,0.75,3.0,2,0.5
_HarmonicChangeDetectionFunction_Mean,0.29074999999999995,0.36724999999999997,0.07650000000000001,0.17599999999999993,0.482,3,0.75,3.0,2,0.5
_Spectralcentroid_Mean,1981.55775,3182.5697499999997,1201.0119999999997,180.03975000000037,4984.087749999999,3,0.75,3.0,1,0.25
_RMSenergy_Mean,0.085,0.174,0.08899999999999998,-0.048499999999999974,0.3075,2,0.5,3.0,1,0.25
_Brightness_Mean,0.3525,0.52725,0.17475000000000002,0.09037499999999993,0.789375,1,0.25,3.0,0,0.0
_Tempo_Mean,101.49025,148.98625,47.49600000000001,30.24624999999999,220.23025,0,0.0,3.0,0,0.0
_Rolloff_Mean,3933.55275,7355.88625,3422.3334999999997,-1199.9474999999993,12489.386499999999,0,0.0,3.0,0,0.0
_Spectralspread_Mean,2506.7685,3684.32525,1177.5567499999997,740.4333750000005,5450.6603749999995,0,0.0,3.0,0,0.0
_Chromagram_Mean_1,0.057,0.55125,0.49425,-0.684375,1.2926250000000001,0,0.0,3.0,0,0.0
_Chromagram_Mean_3,0.07975,0.5765,0.49675,-0.665375,1.321625,0,0.0,3.0,0,0.0
_Chromagram_Mean_5,0.08975,0.5357500000000001,0.44600000000000006,-0.57925,1.2047500000000002,0,0.0,3.0,0,0.0
_Chromagram_Mean_6,0.01975,0.4505,0.43075,-0.626375,1.096625,0,0.0,3.0,0,0.0
_Chromagram_Mean_8,0.102,0.6355,0.5335,-0.6982499999999999,1.4357499999999999,0,0.0,3.0,0,0.0
_Chromagram_Mean_9,0.06675,0.612,0.54525,-0.751125,1.429875,0,0.0,3.0,0,0.0
_Chromagram_Mean_10,0.2645,1.0,0.7355,-0.8387500000000001,2.10325,0,0.0,3.0,0,0.0
_Chromagram_Mean_11,0.0595,0.5652499999999999,0.5057499999999999,-0.6991249999999999,1.3238749999999997,0,0.0,3.0,0,0.0
_Chromagram_Mean_12,0.06075,0.6707500000000001,0.6100000000000001,-0.8542500000000002,1.5857500000000002,0,0.0,3.0,0,0.0
